,keys,Strings
0,1_0_322_265_LA_r,AAAAAGGCATGCTTCAGGCTGATCTTTTTTAAAAAGGCATGCTTCAGGCTGATCTTTTTTAAAAAGGCATGGCGGAGGCTACTCCTTTTTAAAAAAGTGTGCTTCAGGCTACTCCTTTTTAAAAAAATAGGCTTCAGGCTACGTATTTTTAAAAAAATAGGCTTCAGGCTACGTATTTTTAAAAAAATAGGCTTCAGGCTACGTATTTTTAAAAAAAAAAGCTTCAGGCTACGTATTTTTAAAAAAGTGTGCTTCAGGCTACGTATTTTTAAAAAAGTGTGCTTCAGGCTACTCCTTTTTAAAAAAGTGTGCTTCAGGCTACTCCTTTTTAAAAAAGTGTGCTTCAGGCTACTCCTTTTTAAAAAAGTGTACAATAGGCTGATCTTTTTTAAAAAAGTGTAAAAAAGGCTAGCGATTTTT
1,2_1_322_265_LA_r,AAAAAAGTGTGGCGGAGGCTACGTATTTTTAAAAAAGTGTGCTTCAGGCTACGTATTTTTAAAAAAGTGTGCTTCAGGCTACGTATTTTTAAAAAAGTGTGCTTCAGGCTACGTATTTTTAAAAAAATAGGCTTCAGGCTACGTATTTTTAAAAAAGTGTGCTTCAGGCTACGTATTTTTAAAAAAGTGTGCTTCAGGCTACTCCTTTTTAAAAAAGTGTGCTTCAGGCTACTCCTTTTTAAAAAAGTGTGCTTCAGGCTACTCCTTTTTAAAAAAGTGTGCTTCAGGCTACTCCTTTTTAAAAAAGTGTAAAAAAGGCTACTCCTTTTT
2,3_2_322_265_LA_r,AAAAAAATAGGGCGGAGGCTAGCGATTTTTAAAAAAATAGGCTTCAGGCTAGCGATTTTTAAAAAAATAGGCTTCAGGCTAGCGATTTTTAAAAAAATAGGCTTCAGGCTAGCGATTTTTAAAAAAGTGTGGCGGAGGCTGATCTTTTTTAAAAAGGCATGCTTCAGGCTACTCCTTTTTAAAAAGGCATGCTTCAGGCTACGTATTTTTAAAAAGGCATGCTTCAGGCTACGTATTTTTAAAAAGGCATGCTTCAGGCTACGTATTTTTAAAAAGGCATGCTTCAGGCTACGTATTTTTAAAAAGGCATGCTTCAGGCTACGTATTTTTAAAAAGGCATGCTTCAGGCTACGTATTTTTAAAAAGGCATGCTTCAGGCTACGTATTTTTAAAAAATTATGCTTCAGGCTACGTATTTTTAAAAAGGCATGCTTCAGGCTACGTATTTTTAAAAAGGCATGCTTCAGGCTACGTATTTTTAAAAAGGCATGCTTCAGGCTACGTATTTTTAAAAAAGTGTGCTTCAGGCTACGTATTTTTAAAAAAATAGGGCGGAGGCTACGTATTTTTAAAAAGGCATGGCGGAGGCTACGTATTTTTAAAAAGGCATGGCGGAGGCTACGTATTTTT
3,4_13_322_265_14303_14453,AAAAAAGTGTGGCGGAGGCTAGCGATTTTTAAAAAAGTGTGCTTCAGGCTAGCGATTTTTAAAAAAGTGTGCTTCAGGCTAGCGATTTTTAAAAAAGTGTGCTTCAGGCTGATCTTTTTTAAAAAAGTGTGCTTCAGGCTGATCTTTTTTAAAAAAGTGTGCTTCAGGCTGATCTTTTTT
4,5_13_322_265_14526_15102,AAAAAAGTGTGGCGGAGGCTACTCCTTTTTAAAAAAGTGTGCTTCAGGCTACTCCTTTTTAAAAAAGTGTGCTTCAGGCTACTCCTTTTTAAAAAGGCATGCTTCAGGCTACTCCTTTTTAAAAAAGTGTGCTTCAGGCTACTCCTTTTTAAAAAAGTGTGCTTCAGGCTACTCCTTTTTAAAAAAGTGTGCTTCAGGCTACTCCTTTTTAAAAAGGCATGCTTCAGGCTACGTATTTTTAAAAAGGCATGCTTCAGGCTACGTATTTTTAAAAAGGCATGCTTCAGGCTACGTATTTTTAAAAAGGCATGCTTCAGGCTACGTATTTTTAAAAAAGTGTACAATAGGCTACGTATTTTTAAAAAAGTGTAAAAAAGGCTACTCCTTTTTAAAAAGGCATAAAAAAGGCTGATCTTTTTTAAAAAAGTGTGCTTCAGGCTGATCTTTTTTAAAAAAGTGTAAAAAAGGCTAGCGATTTTTAAAAAAAAAAAAAAAAGGCTAGCGATTTTTAAAAAAAAAAAAAAAAGGCTACGTATTTTTAAAAAAAAAAAAAAAAGGCTACTCCTTTTTAAAAAGGCATACCTAAGGCTAGCGATTTTTAAAAAAGTGTGCTTCAGGCTAGCGATTTTTAAAAAAGTGTGCTTCAGGCTAGCGATTTTTAAAAAAGTGTGCTTCAGGCTAGCGATTTTTAAAAAAATAGAAAAAAGGCTAGCGATTTTT
5,6_13_322_265_15102_15789,AAAAAAGTGTGGCGGAGGCTAGCGATTTTTAAAAAAGTGTAAAAAAGGCTAGCGATTTTTAAAAAGGCATACAATAGGCTACTCCTTTTTAAAAAAGTGTGCTTCAGGCTACTCCTTTTTAAAAAAGTGTGCTTCAGGCTACTCCTTTTTAAAAAAGTGTGCTTCAGGCTACGTATTTTTAAAAAAGTGTGCTTCAGGCTACGTATTTTTAAAAAAGTGTGCTTCAGGCTACGTATTTTTAAAAAGGCATGCTTCAGGCTACTCCTTTTTAAAAAGGCATGCTTCAGGCTACTCCTTTTTAAAAAATTATGCTTCAGGCTACGTATTTTTAAAAAGGCATAAAAAAAAAAAGCGATTTTTAAAAAATTATACCTAAGGCTAGCGATTTTTAAAAAGGCATGGCGGAGGCTAGCGATTTTTAAAAAGGCATGCTTCAGGCTAGCGATTTTTAAAAAGGCATGCTTCAGGCTACTCCTTTTTAAAAAATTATGCTTCAGGCTGATCTTTTTTAAAAAATTATGCTTCAGGCTGATCTTTTTT
6,7_13_322_265_15789_16450,AAAAAGGCATGGCGGAGGCTACTCCTTTTTAAAAAGGCATGCTTCAGGCTACGTATTTTTAAAAAAGTGTACAATAGGCTACGTATTTTTAAAAAGGCATAAAAAAGGCTACTCCTTTTTAAAAAGGCATGGCGGAGGCTACGTATTTTTAAAAAGGCATGCTTCAGGCTACTCCTTTTTAAAAAGGCATGCTTCAGGCTACGTATTTTTAAAAAGGCATGGCGGAGGCTACGTATTTTTAAAAAGGCATGGCGGAGGCTACGTATTTTTAAAAAGGCATAAAAAAGGCTAGCGATTTTTAAAAAATTATACCTAAGGCTGATCTTTTTTAAAAAATTATGGCGGAGGCTAGCGATTTTTAAAAAATTATACAATAGGCTAGCGATTTTTAAAAAGGCATGCTTCAGGCTAGCGATTTTTAAAAAGGCATGCTTCAGGCTAGCGATTTTTAAAAAGGCATGCTTCAGGCTAGCGATTTTTAAAAAGGCATGCTTCAGGCTAGCGATTTTTAAAAAAGTGTGCTTCAGGCTAGCGATTTTTAAAAAAATAGGCTTCAGGCTAGCGATTTTTAAAAAAAAAAGCTTCAGGCTAGCGATTTTTAAAAAAATAGGCTTCAGGCTGATCTTTTTTAAAAAAAAAAAAAAAAGGCTGATCTTTTTT
7,8_18_322_265_LA_r,AAAAAAGTGTGGCGGAGGCTGATCTTTTTTAAAAAAGTGTGCTTCAGGCTAGCGATTTTTAAAAAAGTGTGCTTCAGGCTAGCGATTTTTAAAAAAGTGTGCTTCAGGCTAGCGATTTTTAAAAAAGTGTAAAAAAGGCTAGCGATTTTT
8,9_20_322_265_LA_r,AAAAAAGTGTACAATAGGCTGATCTTTTTTAAAAAAGTGTGCTTCAGGCTAGCGATTTTTAAAAAAGTGTGCTTCAGGCTAGCGATTTTTAAAAAAGTGTGGCGGAGGCTGATCTTTTTTAAAAAGGCATAAAAAAGGCTGATCTTTTTT
9,10_21_322_265_LA_r,AAAAAAGTGTGGCGGAGGCTAGCGATTTTTAAAAAAGTGTGCTTCAGGCTAGCGATTTTTAAAAAAGTGTGCTTCAGGCTAGCGATTTTTAAAAAAGTGTGGCGGAGGCTAGCGATTTTTAAAAAAGTGTAAAAAAGGCTGATCTTTTTTAAAAAAGTGTACCTAAGGCTACGTATTTTTAAAAAAGTGTGCTTCAGGCTACGTATTTTTAAAAAAGTGTGCTTCAGGCTACGTATTTTTAAAAAGGCATGCTTCAGGCTACGTATTTTTAAAAAAGTGTGCTTCAGGCTACGTATTTTTAAAAAAGTGTGCTTCAGGCTACGTATTTTTAAAAAGGCATGCTTCAGGCTACGTATTTTTAAAAAGGCATGCTTCAGGCTACGTATTTTTAAAAAGGCATGCTTCAGGCTACGTATTTTTAAAAAGGCATGCTTCAGGCTACGTATTTTTAAAAAATTATGCTTCAGGCTACGTATTTTTAAAAAATTATGCTTCAGGCTACGTATTTTTAAAAAATTATGCTTCAGGCTACTCCTTTTTAAAAAGGCATGCTTCAGGCTGATCTTTTTTAAAAAAGTGTGGCGGAGGCTACTCCTTTTTAAAAAGGCATACAATAGGCTGATCTTTTTT
10,11_24_322_265_LA_r,AAAAAAGTGTGGCGGAGGCTAGCGATTTTTAAAAAAGTGTGCTTCAGGCTAGCGATTTTTAAAAAAGTGTGCTTCAGGCTGATCTTTTTTAAAAAGGCATGCTTCAGGCTGATCTTTTTTAAAAAGGCATACCTAAGGCTGATCTTTTTT
11,12_25_322_265_LA_r,AAAAAAATAGACAATAGGCTGATCTTTTTTAAAAAAATAGGGCGGAGGCTACTCCTTTTTAAAAAAGTGTACCTAAGGCTACTCCTTTTTAAAAAAGTGTACCTAAGGCTACGTATTTTTAAAAAAGTGTGCTTCAGGCTACGTATTTTTAAAAAAGTGTGCTTCAGGCTACGTATTTTTAAAAAAGTGTAAAAAAGGCTACGTATTTTT
12,13_26_322_265_29498_29596,AAAAAAGTGTGGCGGAGGCTAGCGATTTTTAAAAAAGTGTGGCGGAGGCTAGCGATTTTTAAAAAAGTGTGGCGGAGGCTAGCGATTTTTAAAAAAGTGTACAATAGGCTGATCTTTTTT
13,14_27_322_265_LA_r,AAAAAAATAGACAATAGGCTGATCTTTTTTAAAAAAATAGGCTTCAGGCTGATCTTTTTTAAAAAAATAGGCTTCAGGCTGATCTTTTTTAAAAAAATAGGCTTCAGGCTGATCTTTTTTAAAAAAGTGTGGCGGAGGCTACTCCTTTTTAAAAAAGTGTGCTTCAGGCTACGTATTTTTAAAAAGGCATGCTTCAGGCTACGTATTTTTAAAAAAGTGTGCTTCAGGCTACGTATTTTTAAAAAGGCATGCTTCAGGCTACTCCTTTTTAAAAAAGTGTGCTTCAGGCTACTCCTTTTTAAAAAAGTGTGCTTCAGGCTACTCCTTTTTAAAAAAGTGTGCTTCAGGCTACTCCTTTTTAAAAAAGTGTGCTTCAGGCTACTCCTTTTTAAAAAAGTGTGCTTCAGGCTACTCCTTTTTAAAAAAGTGTAAAAAAGGCTACTCCTTTTT
14,15_28_322_265_LA_r,AAAAAAATAGGGCGGAGGCTGATCTTTTTTAAAAAAGTGTGCTTCAGGCTGATCTTTTTTAAAAAAGTGTGCTTCAGGCTACTCCTTTTTAAAAAAGTGTGCTTCAGGCTACTCCTTTTTAAAAAGGCATGGCGGAGGCTACGTATTTTTAAAAAAGTGTGCTTCAGGCTACGTATTTTTAAAAAGGCATGGCGGAGGCTACGTATTTTTAAAAAGGCATACCTAAGGCTACGTATTTTTAAAAAAGTGTACAATAGGCTACTCCTTTTTAAAAAAATAGGCTTCAGGCTACTCCTTTTTAAAAAAATAGGCTTCAGGCTACTCCTTTTTAAAAAAAAAAGCTTCAGGCTACTCCTTTTTAAAAAAATAGGCTTCAGGCTACTCCTTTTTAAAAAAATAGACAATAGGCTACTCCTTTTTAAAAAAAAAAAAAAAAGGCTACGTATTTTT
15,16_29_322_265_38797_39251,AAAAAGGCATGGCGGAGGCTACTCCTTTTTAAAAAAGTGTGCTTCAGGCTACGTATTTTTAAAAAAGTGTGCTTCAGGCTACGTATTTTTAAAAAAGTGTGCTTCAGGCTACGTATTTTTAAAAAAGTGTGCTTCAGGCTACGTATTTTTAAAAAAGTGTGCTTCAGGCTACGTATTTTTAAAAAAGTGTGGCGGAGGCTACGTATTTTTAAAAAAGTGTGCTTCAGGCTGATCTTTTTTAAAAAAGTGTGCTTCAGGCTGATCTTTTTTAAAAAAGTGTGCTTCAGGCTGATCTTTTTTAAAAAAGTGTGCTTCAGGCTAGCGATTTTTAAAAAAGTGTGCTTCAGGCTAGCGATTTTTAAAAAAGTGTGCTTCAGGCTAGCGATTTTTAAAAAAGTGTGCTTCAGGCTGATCTTTTTTAAAAAAGTGTGCTTCAGGCTGATCTTTTTTAAAAAAGTGTGCTTCAGGCTGATCTTTTTTAAAAAAGTGTGCTTCAGGCTGATCTTTTTTAAAAAGGCATGGCGGAGGCTACTCCTTTTTAAAAAGGCATAAAAAAGGCTACTCCTTTTT
16,17_50_322_265_115072_115279,AAAAAAGTGTGGCGGAGGCTAGCGATTTTTAAAAAAGTGTGCTTCAGGCTAGCGATTTTTAAAAAAGTGTGCTTCAGGCTAGCGATTTTTAAAAAAGTGTGCTTCAGGCTAGCGATTTTTAAAAAGGCATGCTTCAGGCTAGCGATTTTTAAAAAATTATGCTTCAGGCTAGCGATTTTTAAAAAATTATGCTTCAGGCTGATCTTTTTTAAAAAATTATGCTTCAGGCTACTCCTTTTTAAAAAATTATGCTTCAGGCTACGTATTTTT
17,18_50_322_265_114236_115247,AAAAAGGCATGGCGGAGGCTACGTATTTTTAAAAAGGCATGCTTCAGGCTACGTATTTTTAAAAAGGCATGCTTCAGGCTACGTATTTTTAAAAAAGTGTGCTTCAGGCTACGTATTTTTAAAAAAGTGTGCTTCAGGCTACGTATTTTTAAAAAGGCATGCTTCAGGCTACGTATTTTTAAAAAAGTGTGCTTCAGGCTGATCTTTTTTAAAAAAGTGTGCTTCAGGCTAGCGATTTTTAAAAAAGTGTGCTTCAGGCTAGCGATTTTTAAAAAAGTGTGGCGGAGGCTAGCGATTTTTAAAAAAGTGTGCTTCAGGCTGATCTTTTTTAAAAAAGTGTGCTTCAGGCTGATCTTTTTTAAAAAAGTGTGCTTCAGGCTGATCTTTTTTAAAAAGGCATGGCGGAGGCTACTCCTTTTTAAAAAAGTGTAAAAAAGGCTACGTATTTTTAAAAAGGCATACAATAGGCTACGTATTTTTAAAAAGGCATACCTAAGGCTACGTATTTTTAAAAAGGCATGCTTCAGGCTACGTATTTTTAAAAAGGCATGCTTCAGGCTACGTATTTTTAAAAAGGCATGCTTCAGGCTACGTATTTTTAAAAAGGCATGCTTCAGGCTACGTATTTTTAAAAAGGCATGCTTCAGGCTACGTATTTTTAAAAAGGCATGCTTCAGGCTACGTATTTTTAAAAAGGCATACAATAGGCTACGTATTTTTAAAAAGGCATGGCGGAGGCTACGTATTTTTAAAAAGGCATGCTTCAGGCTGATCTTTTTTAAAAAAGTGTGCTTCAGGCTGATCTTTTTTAAAAAAGTGTGCTTCAGGCTAGCGATTTTTAAAAAAGTGTGCTTCAGGCTAGCGATTTTTAAAAAAATAGGGCGGAGGCTAGCGATTTTTAAAAAAGTGTGGCGGAGGCTAGCGATTTTTAAAAAAGTGTGCTTCAGGCTAGCGATTTTTAAAAAAGTGTGCTTCAGGCTAGCGATTTTTAAAAAAGTGTGCTTCAGGCTAGCGATTTTTAAAAAAGTGTGCTTCAGGCTAGCGATTTTTAAAAAAGTGTGCTTCAGGCTAGCGATTTTTAAAAAGGCATGCTTCAGGCTAGCGATTTTTAAAAAATTATGCTTCAGGCTAGCGATTTTTAAAAAATTATGCTTCAGGCTGATCTTTTTT
18,19_51_322_265_113938_114090,AAAAAAGTGTGGCGGAGGCTAGCGATTTTTAAAAAAGTGTGCTTCAGGCTAGCGATTTTTAAAAAGGCATGCTTCAGGCTGATCTTTTTTAAAAAATTATGCTTCAGGCTACTCCTTTTTAAAAAATTATGCTTCAGGCTACGTATTTTTAAAAAATTATGCTTCGCTGGACTCCTTTTTAAAAAATTATGCTTCAGGCTACGTATTTTT
19,20_48_322_265_113646_113903,AAAAAAGTGTGGCGGAGGCTAGCGATTTTTAAAAAAGTGTGCTTCAGGCTAGCGATTTTTAAAAAAGTGTGCTTCAGGCTAGCGATTTTTAAAAAAGTGTGCTTCAGGCTAGCGATTTTTAAAAAAGTGTGCTTCAGGCTAGCGATTTTTAAAAAAGTGTGCTTCAGGCTAGCGATTTTTAAAAAATTATGCTTCAGGCTAGCGATTTTTAAAAAATTATGCTTCAGGCTGATCTTTTTTAAAAAATTATGCTTCAGGCTACTCCTTTTTAAAAAATTATGCTTCAGGCTACTCCTTTTT
20,21_48_322_265_112921_113903,AAAAAAGTGTGGCGGAGGCTAGCGATTTTTAAAAAAGTGTGCTTCAGGCTGATCTTTTTTAAAAAAGTGTGCTTCAGGCTGATCTTTTTTAAAAAAGTGTGCTTCAGGCTGATCTTTTTTAAAAAGGCATGGCGGAGGCTGATCTTTTTTAAAAAGGCATGGCGGAGGCTGATCTTTTTTAAAAAAATAGAAAAAAGGCTACGTATTTTTAAAAAGGCATACAATAGGCTACGTATTTTTAAAAAGGCATGGCGGAGGCTACGTATTTTTAAAAAATTATGGCGGAGGCTACGTATTTTTAAAAAGGCATGGCGGAGGCTACGTATTTTTAAAAAAGTGTACCTAAGGCTACGTATTTTTAAAAAATTATACAATAGGCTACGTATTTTTAAAAAGGCATGCTTCAGGCTACTCCTTTTTAAAAAGGCATGGCGGAGGCTGATCTTTTTTAAAAAGGCATAAAAAAGGCTGATCTTTTTTAAAAAGGCATGCTTCAGGCTGATCTTTTTTAAAAAGGCATGCTTCAGGCTGATCTTTTTTAAAAAGGCATGCTTCAGGCTGATCTTTTTTAAAAAAGTGTAAAAAAGGCTACTCCTTTTTAAAAAAGTGTACCTAAGGCTACTCCTTTTTAAAAAAATAGAAAAAAGGCTGATCTTTTTTAAAAAATTATACCTAAGGCTAGCGATTTTTAAAAAGGCATGGCGGAGGCTAGCGATTTTTAAAAAAGTGTGCTTCAGGCTAGCGATTTTTAAAAAAGTGTGCTTCAGGCTAGCGATTTTTAAAAAAGTGTGCTTCAGGCTAGCGATTTTTAAAAAAGTGTGCTTCAGGCTAGCGATTTTTAAAAAAGTGTGCTTCAGGCTAGCGATTTTTAAAAAAGTGTGCTTCAGGCTAGCGATTTTTAAAAAGGCATGCTTCAGGCTAGCGATTTTTAAAAAATTATGCTTCAGGCTGATCTTTTTTAAAAAATTATGCTTCAGGCTGATCTTTTTTAAAAAATTATGCTTCAGGCTACTCCTTTTTAAAAAATTATGCTTCAGGCTGATCTTTTTT
21,22_46_322_265_105752_106316,AAAAAGGCATGGCGGAGGCTACTCCTTTTTAAAAAGGCATGCTTCAGGCTACTCCTTTTTAAAAAAGTGTGCTTCAGGCTACGTATTTTTAAAAAAGTGTGCTTCAGGCTACGTATTTTTAAAAAAGTGTACAATAGGCTACGTATTTTTAAAAAGGCATACAATAGGCTACTCCTTTTTAAAAAAATAGAAAAAAGGCTACGTATTTTTAAAAAAGTGTACCTAAGGCTGATCTTTTTTAAAAAAAAAAAAAAAAGGCTAGCGATTTTTAAAAAAGTGTAAAAAAGGCTAGCGATTTTTAAAAAAGTGTGCTTCAGGCTAGCGATTTTTAAAAAAGTGTGCTTCAGGCTAGCGATTTTTAAAAAGGCATGCTTCAGGCTAGCGATTTTTAAAAAAGTGTGCTTCAGGCTAGCGATTTTTAAAAAAGTGTGCTTCAGGCTAGCGATTTTTAAAAAAGTGTGCTTCAGGCTGATCTTTTTTAAAAAAATAGACCTAAGGCTGATCTTTTTT
22,23_46_322_265_106298_107165,AAAAAAATAGAAAAAAGGCTGATCTTTTTTAAAAAGGCATACAATAGGCTGATCTTTTTTAAAAAGGCATGCTTCAGGCTACTCCTTTTTAAAAAGGCATGCTTCAGGCTGATCTTTTTTAAAAAAGTGTGCTTCAGGCTGATCTTTTTTAAAAAAGTGTGCTTCAGGCTGATCTTTTTTAAAAAAGTGTGGCGGAGGCTAGCGATTTTTAAAAAAATAGGGCGGAGGCTAGCGATTTTTAAAAAAATAGGGCGGAGGCTGATCTTTTTTAAAAAAGTGTGCTTCAGGCTGATCTTTTTTAAAAAGGCATGCTTCAGGCTACGTATTTTTAAAAAGGCATGCTTCAGGCTACGTATTTTTAAAAAGGCATGCTTCAGGCTACGTATTTTTAAAAAAGTGTGCTTCAGGCTACGTATTTTTAAAAAAGTGTGCTTCAGGCTACGTATTTTTAAAAAAGTGTGCTTCAGGCTACGTATTTTTAAAAAAGTGTGCTTCAGGCTACGTATTTTTAAAAAGGCATGCTTCAGGCTACGTATTTTTAAAAAGGCATGCTTCAGGCTACGTATTTTTAAAAAGGCATGCTTCAGGCTACTCCTTTTTAAAAAGGCATGCTTCAGGCTACTCCTTTTTAAAAAGGCATGCTTCAGGCTACTCCTTTTTAAAAAAGTGTGCTTCAGGCTGATCTTTTTTAAAAAAGTGTGCTTCAGGCTGATCTTTTTTAAAAAAGTGTGCTTCAGGCTAGCGATTTTTAAAAAAGTGTGCTTCAGGCTAGCGATTTTTAAAAAAGTGTGCTTCAGGCTAGCGATTTTTAAAAAAATAGGCTTCAGGCTAGCGATTTTTAAAAAAATAGGCTTCAGGCTGATCTTTTTTAAAAAAGTGTGCTTCAGGCTGATCTTTTTTAAAAAAGTGTACAATAGGCTGATCTTTTTT
23,24_46_322_265_108369_108767,AAAAAAGTGTGGCGGAGGCTGATCTTTTTTAAAAAAGTGTGCTTCAGGCTGATCTTTTTTAAAAAAGTGTGCTTCAGGCTGATCTTTTTTAAAAAAGTGTGCTTCAGGCTAGCGATTTTTAAAAAAGTGTGCTTCAGGCTAGCGATTTTTAAAAAAGTGTGCTTCAGGCTAGCGATTTTTAAAAAAGTGTGCTTCAGGCTAGCGATTTTTAAAAAGGCATGCTTCAGGCTAGCGATTTTTAAAAAATTATGCTTCAGGCTAGCGATTTTTAAAAAATTATGCTTCAGGCTAGCGATTTTTAAAAAATTATGCTTCAGGCTACTCCTTTTTAAAAAATTATGCTTCAGGCTACTCCTTTTTAAAAAATTATGCTTCAGGCTACTCCTTTTTAAAAAATTATGCTTCAGGCTACGTATTTTTAAAAAATTATGCTTCGCTGGGATCTTTTTTAAAAAATTATGCTTCGTGCAACGTATTTTTAAAAAATTATGCTTCAGGCTACGTATTTTT
24,25_44_322_265_83008_83562,AAAAAAATAGGGCGGAGGCTAGCGATTTTTAAAAAAATAGGCTTCAGGCTAGCGATTTTTAAAAAAGTGTGCTTCAGGCTAGCGATTTTTAAAAAAGTGTGCTTCAGGCTAGCGATTTTTAAAAAGGCATGCTTCAGGCTAGCGATTTTTAAAAAATTATGCTTCAGGCTACTCCTTTTTAAAAAATTATGCTTCAGGCTACTCCTTTTTAAAAAATTATGCTTCAGGCTACGTATTTTTAAAAAATTATGCTTCAGGCTGATCTTTTTTAAAAAATTATGCTTCAGGCTAGCGATTTTTAAAAAATTATGCTTCAGGCTGATCTTTTTTAAAAAATTATGCTTCAGGCTACTCCTTTTTAAAAAATTATGCTTCAGGCTACGTATTTTTAAAAAATTATGCTTCAGGCTGATCTTTTTTAAAAAATTATGCTTCAGGCTACTCCTTTTTAAAAAATTATGCTTCAGGCTACTCCTTTTTAAAAAATTATGCTTCAGGCTACTCCTTTTTAAAAAATTATGCTTCGCTGGAGCGATTTTT
25,26_44_322_265_84087_84511,AAAAAGGCATGCTTCAGGCTACTCCTTTTTAAAAAGGCATGCTTCAGGCTACTCCTTTTTAAAAAGGCATGGCGGAGGCTACGTATTTTTAAAAAAGTGTGGCGGAGGCTACGTATTTTTAAAAAAGTGTGGCGGAGGCTACTCCTTTTTAAAAAAGTGTGCTTCAGGCTGATCTTTTTTAAAAAAGTGTGCTTCAGGCTGATCTTTTTTAAAAAAGTGTGCTTCAGGCTGATCTTTTTTAAAAAAGTGTGCTTCAGGCTGATCTTTTTTAAAAAAGTGTGGCGGAGGCTAGCGATTTTTAAAAAAGTGTAAAAAAGGCTAGCGATTTTTAAAAAGGCATACCTAAGGCTGATCTTTTTTAAAAAGGCATGCTTCAGGCTACTCCTTTTTAAAAAGGCATGCTTCAGGCTACGTATTTTTAAAAAGGCATGCTTCAGGCTACGTATTTTTAAAAAAGTGTGCTTCAGGCTACGTATTTTTAAAAAAGTGTGCTTCAGGCTACGTATTTTT
26,27_44_322_265_85790_86300,AAAAAAATAGAAAAAAGGCTGATCTTTTTTAAAAAAGTGTGCTTCAGGCTACTCCTTTTTAAAAAGGCATACCTAAGGCTACTCCTTTTTAAAAAGGCATACCTAAGGCTGATCTTTTTTAAAAAGGCATGCTTCAGGCTGATCTTTTTTAAAAAGGCATGCTTCAGGCTGATCTTTTTTAAAAAATTATGCTTCAGGCTGATCTTTTTTAAAAAATTATGCTTCAGGCTGATCTTTTTTAAAAAATTATGCTTCAGGCTACTCCTTTTTAAAAAATTATGCTTCAGGCTGATCTTTTTTAAAAAATTATGCTTCAGGCTACTCCTTTTTAAAAAATTATGGCGGAGGCTACGTATTTTT
27,28_45_322_265_86609_86735,AAAAAAGTGTGCTTCAGGCTAGCGATTTTTAAAAAAGTGTGCTTCAGGCTGATCTTTTTTAAAAAAATAGGCTTCAGGCTGATCTTTTTTAAAAAAGTGTGCTTCAGGCTGATCTTTTTTAAAAAAGTGTGGCGGAGGCTACTCCTTTTT
28,29_49_322_265_109177_109270,AAAAAAGTGTGGCGGAGGCTGATCTTTTTTAAAAAAGTGTGCTTCAGGCTGATCTTTTTTAAAAAAGTGTACCTAAGGCTACTCCTTTTT
29,30_47_322_265_104369_104504,AAAAAAGTGTGGCGGAGGCTAGCGATTTTTAAAAAAGTGTGCTTCAGGCTAGCGATTTTTAAAAAAGTGTGCTTCAGGCTAGCGATTTTTAAAAAGGCATGCTTCAGGCTAGCGATTTTTAAAAAGGCATGCTTCAGGCTGATCTTTTTTAAAAAATTATGGCGGAGGCTACTCCTTTTT
30,31_41_322_265_72095_72233,AAAAAAATAGACAATAGGCTGATCTTTTTTAAAAAAATAGGCTTCAGGCTGATCTTTTTTAAAAAAATAGGCTTCAGGCTGATCTTTTTTAAAAAAGTGTGGCGGAGGCTACTCCTTTTTAAAAAATTATAAAAAAGGCTACTCCTTTTT
31,32_40_322_265_72095_72233,AAAAAATTATGCTTCAGGCTACGTATTTTTAAAAAATTATGCTTCAGGCTACTCCTTTTTAAAAAGGCATGCTTCAGGCTACTCCTTTTTAAAAAATTATGGCGGAGGCTACTCCTTTTT
32,33_42_322_265_74614_74926,AAAAAAGTGTAAAAAAGGCTAGCGATTTTTAAAAAAGTGTACAATAGGCTAGCGATTTTTAAAAAAGTGTAAAAAAGGCTAGCGATTTTTAAAAAAGTGTGCTTCAGGCTGATCTTTTTTAAAAAAGTGTACAATAGGCTAGCGATTTTTAAAAAATTATGGCGGAGGCTACTCCTTTTTAAAAAATTATGCTTCAGGCTACTCCTTTTTAAAAAATTATGGCGGAGGCTACTCCTTTTTAAAAAATTATGCTTCAGGCTACGTATTTTT
33,34_63_322_265_77010_77073,AAAAAAATAGACCTAAGGCTAGCGATTTTTAAAAAAATAGAAAAAAGGCTAGCGATTTTT
34,35_64_322_265_78618_78707,AAAAAAGTGTAAAAAAGGCTACTCCTTTTTAAAAAAGTGTGCTTCAGGCTACGTATTTTTAAAAAAGTGTGCTTCAGGCTACGTATTTTTAAAAAGGCATACAATAGGCTACGTATTTTT
35,36_42_322_265_80978_81384,AAAAAATTATGCTTCAAAAAAAAAATTTTTAAAAAGGCATGCTTCAGGCTACTCCTTTTTAAAAAGGCATGCTTCAGGCTACTCCTTTTTAAAAAAGTGTGGCGGAGGCTACTCCTTTTTAAAAAAGTGTGCTTCAGGCTACTCCTTTTTAAAAAAGTGTGGCGGAGGCTACGTATTTTTAAAAAGGCATGCTTCAGGCTACGTATTTTTAAAAAGGCATGCTTCAGGCTACGTATTTTTAAAAAGGCATGGCGGAGGCTACTCCTTTTTAAAAAGGCATGCTTCAGGCTGATCTTTTTTAAAAAGGCATGCTTCAGGCTGATCTTTTTTAAAAAGGCATGCTTCAGGCTAGCGATTTTTAAAAAAGTGTGCTTCAGGCTAGCGATTTTTAAAAAAGTGTGGCGGAGGCTAGCGATTTTTAAAAAAGTGTGCTTCAGGCTAGCGATTTTTAAAAAAGTGTGCTTCAGGCTGATCTTTTTTAAAAAAGTGTGGCGGAGGCTACTCCTTTTTAAAAAAGTGTAAAAAAGGCTACGTATTTTT
36,37_40_322_265_72596_72870,AAAAAAGTGTGGCGGAGGCTACTCCTTTTTAAAAAAGTGTGCTTCAGGCTGATCTTTTTTAAAAAAGTGTGCTTCAGGCTGATCTTTTTTAAAAAAGTGTGCTTCAGGCTAGCGATTTTTAAAAAGGCATGCTTCAGGCTAGCGATTTTTAAAAAATTATGCTTCAGGCTAGCGATTTTTAAAAAATTATGCTTCAGGCTGATCTTTTTTAAAAAATTATGCTTCAGGCTGATCTTTTTTAAAAAATTATGCTTCAGGCTACTCCTTTTTAAAAAATTATGCTTCAGGCTACTCCTTTTTAAAAAATTATGCTTCAGGCTGATCTTTTTT
37,38_39_322_265_70523_70768,AAAAAAATAGGGCGGAGGCTGATCTTTTTTAAAAAAATAGGCTTCAGGCTACTCCTTTTTAAAAAAGTGTGGCGGAGGCTACTCCTTTTTAAAAAAGTGTAAAAAAGGCTACGTATTTTTAAAAAGGCATACAATAGGCTACGTATTTTTAAAAAAGTGTACCTAAGGCTACGTATTTTT
38,39_38_322_265_70523_70768,AAAAAATTATGCTTCAGGCTACGTATTTTTAAAAAATTATGCTTCAATAAACTCCTTTTTAAAAAATTATGCTTCAGGCTAGCGATTTTTAAAAAATTATGCTTCAAAAAACTCCTTTTTAAAAAATTATGCTTCAAAAAGATCTTTTTTAAAAAATTATGCTTCAATAAACTCCTTTTTAAAAAATTATGCTTCAATAAGATCTTTTTTAAAAAATTATGCTTCGCTGGGATCTTTTTTAAAAAATTATGCTTCGCTGGACTCCTTTTTAAAAAATTATGCTTCAGGCTACGTATTTTT
39,40_36_322_265_64954_65393,AAAAAAGTGTGGCGGAGGCTGATCTTTTTTAAAAAAATAGGCTTCAGGCTGATCTTTTTTAAAAAAATAGGCTTCAGGCTGATCTTTTTTAAAAAAATAGGCTTCAGGCTGATCTTTTTTAAAAAAATAGGCTTCAGGCTGATCTTTTTTAAAAAAATAGGCTTCAGGCTAGCGATTTTTAAAAAAGTGTGGCGGAGGCTAGCGATTTTTAAAAAGGCATGGCGGAGGCTAGCGATTTTTAAAAAAGTGTGCTTCAGGCTAGCGATTTTTAAAAAGGCATGCTTCAGGCTAGCGATTTTTAAAAAATTATGCTTCAGGCTAGCGATTTTTAAAAAATTATGCTTCAGGCTGATCTTTTTTAAAAAATTATGCTTCAGGCTGATCTTTTTTAAAAAATTATGCTTCAGGCTACTCCTTTTTAAAAAATTATGCTTCAGGCTACTCCTTTTTAAAAAATTATGCTTCAGGCTACTCCTTTTTAAAAAATTATGCTTCAAAAAGATCTTTTTTAAAAAATTATGCTTCAGGCTACGTATTTTT
40,41_36_322_265_67753_68093,AAAAAAGTGTGGCGGAGGCTAGCGATTTTTAAAAAGGCATACAATAGGCTAGCGATTTTTAAAAAAGTGTGCTTCAGGCTAGCGATTTTTAAAAAGGCATGCTTCAGGCTAGCGATTTTTAAAAAATTATGCTTCAGGCTAGCGATTTTTAAAAAATTATGCTTCAGGCTGATCTTTTTTAAAAAATTATGCTTCAGGCTGATCTTTTTTAAAAAATTATGCTTCAGGCTGATCTTTTTTAAAAAATTATGCTTCAGGCTAGCGATTTTTAAAAAATTATGCTTCAGGCTACTCCTTTTTAAAAAATTATGCTTCAGGCTACGTATTTTTAAAAAATTATGCTTCAGGCTACTCCTTTTTAAAAAATTATGCTTCAGGCTACTCCTTTTT
41,42_37_322_265_65661_65942,AAAAAAGTGTGGCGGAGGCTAGCGATTTTTAAAAAAGTGTGCTTCAGGCTGATCTTTTTTAAAAAAGTGTGCTTCAGGCTACTCCTTTTTAAAAAGGCATGCTTCAGGCTACTCCTTTTTAAAAAGGCATGCTTCAGGCTACGTATTTTTAAAAAGGCATGCTTCAGGCTACGTATTTTTAAAAAAGTGTGCTTCAGGCTACGTATTTTTAAAAAGGCATGGCGGAGGCTACGTATTTTTAAAAAATTATAAAAAAGGCTACGTATTTTTAAAAAGGCATAAAAAAGGCTACGTATTTTTAAAAAGGCATACAATAGGCTACGTATTTTT
42,43_36_322_265_65661_65942,AAAAAATTATGCTTCAGGCTACTCCTTTTTAAAAAGGCATGCTTCAGGCTACGTATTTTTAAAAAAGTGTGCTTCAGGCTACTCCTTTTTAAAAAAGTGTGCTTCAGGCTACTCCTTTTTAAAAAAATAGGCTTCAGGCTACTCCTTTTTAAAAAAGTGTGCTTCAGGCTACGTATTTTTAAAAAAATAGGCTTCAGGCTACGTATTTTTAAAAAAGTGTGCTTCAGGCTACGTATTTTTAAAAAAGTGTGCTTCAGGCTACGTATTTTTAAAAAAGTGTGCTTCAGGCTACGTATTTTTAAAAAGGCATGCTTCAGGCTACGTATTTTTAAAAAAGTGTACAATAGGCTACGTATTTTT
43,44_56_322_265_118668_118985,AAAAAAGTGTACAATAGGCTAGCGATTTTTAAAAAGGCATAAAAAAGGCTAGCGATTTTTAAAAAGGCATGGCGGAGGCTAGCGATTTTTAAAAAAGTGTGCTTCAGGCTAGCGATTTTTAAAAAAGTGTGCTTCAGGCTGATCTTTTTTAAAAAGGCATGCTTCAGGCTGATCTTTTTTAAAAAGGCATGCTTCAGGCTAGCGATTTTTAAAAAATTATGCTTCAGGCTAGCGATTTTTAAAAAATTATGCTTCAGGCTACTCCTTTTTAAAAAATTATGCTTCAGGCTACGTATTTTTAAAAAATTATGCTTCAGGCTACGTATTTTTAAAAAATTATGCTTCAGGCTACTCCTTTTTAAAAAATTATGCTTCAGGCTAGCGATTTTT
44,45_34_322_265_115832_116469,AAAAAAGTGTGGCGGAGGCTACGTATTTTTAAAAAAGTGTGCTTCAGGCTACGTATTTTTAAAAAAGTGTGCTTCAGGCTACGTATTTTTAAAAAAGTGTGCTTCAGGCTACGTATTTTTAAAAAAGTGTGCTTCAGGCTACGTATTTTTAAAAAGGCATGCTTCAGGCTACGTATTTTTAAAAAAGTGTGGCGGAGGCTACTCCTTTTTAAAAAAGTGTGCTTCAGGCTACTCCTTTTTAAAAAAGTGTACAATAGGCTACGTATTTTTAAAAAGGCATAAAAAAGGCTACTCCTTTTTAAAAAAGTGTACAATAGGCTGATCTTTTTTAAAAAAGTGTAAAAAAGGCTGATCTTTTTTAAAAAGGCATAAAAAAGGCTAGCGATTTTTAAAAAGGCATAAAAAAGGCTAGCGATTTTTAAAAAGGCATACAATAGGCTAGCGATTTTTAAAAAAGTGTGCTTCAGGCTAGCGATTTTTAAAAAAGTGTGCTTCAGGCTAGCGATTTTTAAAAAAGTGTGCTTCAGGCTAGCGATTTTTAAAAAAGTGTGCTTCAGGCTAGCGATTTTTAAAAAAGTGTGCTTCAGGCTAGCGATTTTTAAAAAAGTGTACCTAAGGCTAGCGATTTTT
45,46_33_322_265_115523_115626,AAAAAAGTGTGGCGGAGGCTAGCGATTTTTAAAAAAGTGTGCTTCAGGCTAGCGATTTTTAAAAAAGTGTGCTTCAGGCTAGCGATTTTTAAAAAAGTGTGGCGGAGGCTGATCTTTTTTAAAAAAGTGTAAAAAAGGCTGATCTTTTTT
46,47_14_322_265_17308_17492,AAAAAAGTGTGGCGGAGGCTACTCCTTTTTAAAAAGGCATGCTTCAGGCTACTCCTTTTTAAAAAATTATGCTTCAGGCTACTCCTTTTTAAAAAATTATGCTTCAGGCTACTCCTTTTTAAAAAATTATGCTTCAGGCTACGTATTTTTAAAAAATTATGCTTCAGGCTACTCCTTTTTAAAAAATTATGCTTCAGGCTACTCCTTTTTAAAAAATTATGCTTCAGGCTACGTATTTTT
47,48_16_322_265_17671_17831,AAAAAGGCATGCTTCAGGCTGATCTTTTTTAAAAAGGCATGCTTCAGGCTACTCCTTTTTAAAAAAGTGTGCTTCAGGCTACTCCTTTTTAAAAAAGTGTAAAAAAGGCTACTCCTTTTT
48,49_31_322_265_45468_45684,AAAAAGGCATGCTTCAGGCTAGCGATTTTTAAAAAAGTGTGCTTCAGGCTAGCGATTTTTAAAAAAGTGTGCTTCAGGCTGATCTTTTTTAAAAAGGCATGCTTCAGGCTGATCTTTTTTAAAAAATTATGCTTCAGGCTGATCTTTTTTAAAAAATTATGCTTCAGGCTACTCCTTTTTAAAAAATTATGCTTCAGGCTACGTATTTTTAAAAAATTATGCTTCAGGCTGATCTTTTTTAAAAAATTATGCTTCAATAAGATCTTTTTTAAAAAATTATGCTTCAGGCTACGTATTTTT
49,50_0_319_262_LA_r,AAAAAAATAGGGCGGAGGCTGATCTTTTTTAAAAAAATAGGCTTCAGGCTGATCTTTTTTAAAAAAGTGTGCTTCAGGCTGATCTTTTTTAAAAAAATAGGCTTCAGGCTAGCGATTTTTAAAAAAATAGGCTTCAGGCTAGCGATTTTTAAAAAAATAGGCTTCAGGCTAGCGATTTTTAAAAAAATAGGCTTCAGGCTGATCTTTTTTAAAAAAGTGTGCTTCAGGCTGATCTTTTTTAAAAAAGTGTGGCGGAGGCTACTCCTTTTTAAAAAAATAGGGCGGAGGCTACGTATTTTTAAAAAAATAGGCTTCAGGCTACGTATTTTTAAAAAAATAGGCTTCAGGCTACGTATTTTTAAAAAAATAGGCTTCAGGCTACGTATTTTTAAAAAAGTGTGCTTCAGGCTACGTATTTTTAAAAAAGTGTGCTTCAGGCTACTCCTTTTTAAAAAAGTGTGCTTCAGGCTACTCCTTTTTAAAAAAGTGTGCTTCAGGCTACTCCTTTTTAAAAAAGTGTGCTTCAGGCTACTCCTTTTTAAAAAGGCATGCTTCAGGCTACTCCTTTTTAAAAAAGTGTGCTTCAGGCTACGTATTTTTAAAAAAGTGTGCTTCAGGCTACGTATTTTTAAAAAAAAAAACCTAAGGCTACGTATTTTT
50,51_4_319_262_LA_r,AAAAAAATAGGGCGGAGGCTAGCGATTTTTAAAAAAATAGGGCGGAGGCTAGCGATTTTTAAAAAAGTGTGGCGGAGGCTGATCTTTTTTAAAAAAGTGTGGCGGAGGCTACTCCTTTTTAAAAAAGTGTGCTTCAGGCTACGTATTTTTAAAAAAGTGTGCTTCAGGCTACGTATTTTTAAAAAAGTGTGCTTCAGGCTACGTATTTTTAAAAAAATAGGCTTCAGGCTACGTATTTTTAAAAAAATAGGCTTCAGGCTACGTATTTTTAAAAAAAAAAAAAAAAGGCTACGTATTTTT
51,52_5_319_262_LA_r,AAAAAAATAGACAATAGGCTAGCGATTTTTAAAAAAATAGGCTTCAGGCTAGCGATTTTTAAAAAAATAGGCTTCAGGCTAGCGATTTTTAAAAAAGTGTGCTTCAGGCTAGCGATTTTTAAAAAAGTGTGCTTCAGGCTAGCGATTTTTAAAAAAGTGTGGCGGAGGCTGATCTTTTTTAAAAAAGTGTGCTTCAGGCTACTCCTTTTTAAAAAGGCATGCTTCAGGCTACGTATTTTTAAAAAAGTGTGCTTCAGGCTACGTATTTTTAAAAAAGTGTGCTTCAGGCTACGTATTTTTAAAAAAGTGTGCTTCAGGCTACGTATTTTTAAAAAAATAGGCTTCAGGCTACGTATTTTTAAAAAAGTGTGCTTCAGGCTACGTATTTTTAAAAAAGTGTACCTAAGGCTACGTATTTTT
52,53_12_319_262_54440_54958,AAAAAATTATGCTTCAGGCTACGTATTTTTAAAAAATTATGCTTCAGGCTACGTATTTTTAAAAAATTATGCTTCAGGCTACGTATTTTTAAAAAGGCATGCTTCAGGCTACGTATTTTTAAAAAATTATACAATAGGCTACGTATTTTTAAAAAGGCATGGCGGAGGCTACTCCTTTTTAAAAAGGCATGCTTCAGGCTACTCCTTTTTAAAAAGGCATGCTTCAGGCTACTCCTTTTTAAAAAAGTGTGCTTCAGGCTACTCCTTTTTAAAAAAGTGTGCTTCAGGCTACTCCTTTTTAAAAAGGCATGCTTCAGGCTACTCCTTTTTAAAAAGGCATGCTTCAGGCTACGTATTTTTAAAAAGGCATGCTTCAGGCTACGTATTTTTAAAAAGGCATGGCGGAGGCTACTCCTTTTTAAAAAAGTGTGCTTCAGGCTGATCTTTTTTAAAAAAGTGTGCTTCAGGCTGATCTTTTTTAAAAAAGTGTGCTTCAGGCTAGCGATTTTTAAAAAAATAGGCTTCAGGCTAGCGATTTTTAAAAAAGTGTGCTTCAGGCTAGCGATTTTTAAAAAAGTGTGCTTCAGGCTAGCGATTTTTAAAAAAGTGTACCTAAGGCTAGCGATTTTT
53,54_12_319_262_56896_57208,AAAAAGGCATGCTTCAGGCTACGTATTTTTAAAAAGGCATGCTTCAGGCTACGTATTTTTAAAAAGGCATGCTTCAGGCTACTCCTTTTTAAAAAGGCATGCTTCAGGCTACTCCTTTTTAAAAAAGTGTGCTTCAGGCTACTCCTTTTTAAAAAAGTGTGCTTCAGGCTGATCTTTTTTAAAAAAGTGTGCTTCAGGCTAGCGATTTTTAAAAAAATAGGCTTCAGGCTAGCGATTTTTAAAAAAGTGTAAAAAAGGCTGATCTTTTTTAAAAAGGCATGGCGGAGGCTGATCTTTTTTAAAAAAGTGTGGCGGAGGCTACTCCTTTTTAAAAAAGTGTGCTTCAGGCTACTCCTTTTTAAAAAGGCATAAAAAAGGCTACTCCTTTTT
54,55_12_319_262_57208_57549,AAAAAAGTGTGGCGGAGGCTACTCCTTTTTAAAAAAGTGTGCTTCAGGCTACTCCTTTTTAAAAAAGTGTGCTTCAGGCTACTCCTTTTTAAAAAGGCATGGCGGAGGCTACGTATTTTTAAAAAAGTGTGCTTCAGGCTACGTATTTTTAAAAAGGCATGCTTCAGGCTACGTATTTTTAAAAAGGCATGCTTCAGGCTACGTATTTTTAAAAAGGCATGGCGGAGGCTACTCCTTTTTAAAAAAGTGTGCTTCAGGCTGATCTTTTTTAAAAAAGTGTGCTTCAGGCTGATCTTTTTTAAAAAAATAGGCTTCAGGCTAGCGATTTTTAAAAAAGTGTGCTTCAGGCTAGCGATTTTTAAAAAAGTGTGCTTCAGGCTGATCTTTTTTAAAAAAGTGTACAATAGGCTGATCTTTTTT
55,56_12_319_262_57549_58286,AAAAAGGCATGGCGGAGGCTGATCTTTTTTAAAAAAGTGTGCTTCAGGCTGATCTTTTTTAAAAAAGTGTGCTTCAGGCTGATCTTTTTTAAAAAGGCATGCTTCAGGCTACTCCTTTTTAAAAAGGCATGCTTCAGGCTACGTATTTTTAAAAAGGCATGCTTCAGGCTACGTATTTTTAAAAAAGTGTGCTTCAGGCTACGTATTTTTAAAAAAGTGTGCTTCAGGCTACGTATTTTTAAAAAAGTGTGCTTCAGGCTACGTATTTTTAAAAAAGTGTGCTTCAGGCTACGTATTTTTAAAAAAGTGTGCTTCAGGCTACGTATTTTTAAAAAAGTGTGCTTCAGGCTACGTATTTTTAAAAAGGCATGCTTCAGGCTACTCCTTTTTAAAAAGGCATGCTTCAGGCTACGTATTTTTAAAAAGGCATGGCGGAGGCTACTCCTTTTTAAAAAGGCATGCTTCAGGCTACTCCTTTTTAAAAAAGTGTGCTTCAGGCTACTCCTTTTTAAAAAAATAGGGCGGAGGCTGATCTTTTTTAAAAAAATAGAAAAAAGGCTACTCCTTTTTAAAAAAAAAAAAAAAAGGCTACGTATTTTTAAAAAAGTGTAAAAAAGGCTGATCTTTTTTAAAAAAGTGTAAAAAAGGCTAGCGATTTTTAAAAAGGCATACCTAAGGCTGATCTTTTTTAAAAAGGCATGGCGGAGGCTACTCCTTTTTAAAAAAGTGTGCTTCAGGCTACTCCTTTTTAAAAAAGTGTACCTAAGGCTACTCCTTTTT
56,57_12_319_262_58286_58803,AAAAAAGTGTGGCGGAGGCTACTCCTTTTTAAAAAAGTGTGCTTCAGGCTACTCCTTTTTAAAAAAGTGTGCTTCAGGCTACTCCTTTTTAAAAAAGTGTGCTTCAGGCTACGTATTTTTAAAAAAGTGTGCTTCAGGCTACGTATTTTTAAAAAAGTGTGCTTCAGGCTACGTATTTTTAAAAAAGTGTGCTTCAGGCTACGTATTTTTAAAAAGGCATGGCGGAGGCTACGTATTTTTAAAAAAGTGTGCTTCAGGCTACTCCTTTTTAAAAAAGTGTGCTTCAGGCTACTCCTTTTTAAAAAAGTGTGCTTCAGGCTACTCCTTTTTAAAAAAGTGTGGCGGAGGCTGATCTTTTTTAAAAAAAAAAAAAAAAGGCTAGCGATTTTTAAAAAAGTGTACCTAAGGCTACTCCTTTTTAAAAAAATAGGCTTCAGGCTGATCTTTTTTAAAAAAATAGAAAAAAGGCTGATCTTTTTT
57,58_12_319_262_58803_59261,AAAAAAATAGGGCGGAGGCTACTCCTTTTTAAAAAAATAGGCTTCAGGCTACTCCTTTTTAAAAAAGTGTGCTTCAGGCTACTCCTTTTTAAAAAGGCATGGCGGAGGCTACGTATTTTTAAAAAAGTGTGCTTCAGGCTACGTATTTTTAAAAAAATAGGCTTCAGGCTACGTATTTTTAAAAAAGTGTGCTTCAGGCTACGTATTTTTAAAAAAGTGTGGCGGAGGCTACGTATTTTTAAAAAAGTGTGCTTCAGGCTACTCCTTTTTAAAAAAGTGTGGCGGAGGCTACTCCTTTTTAAAAAGGCATGGCGGAGGCTACTCCTTTTTAAAAAAGTGTAAAAAAGGCTGATCTTTTTTAAAAAAGTGTAAAAAAGGCTGATCTTTTTTAAAAAAATAGGCTTCAGGCTGATCTTTTTTAAAAAAATAGACAATAGGCTGATCTTTTTT
58,59_12_319_262_58803_58833,AAAAAAGTGTACCTAAGGCTACTCCTTTTTAAAAAGGCATAAAAAAGGCTGATCTTTTTT
59,60_12_319_262_59261_59927,AAAAAAATAGGGCGGAGGCTGATCTTTTTTAAAAAAATAGGGCGGAGGCTGATCTTTTTTAAAAAGGCATGGCGGAGGCTGATCTTTTTTAAAAAGGCATACAATAGGCTGATCTTTTTTAAAAAAATAGGCTTCAGGCTACGTATTTTTAAAAAAGTGTGGCGGAGGCTACGTATTTTTAAAAAGGCATGCTTCAGGCTACGTATTTTTAAAAAAGTGTGCTTCAGGCTACTCCTTTTTAAAAAAGTGTACAATAGGCTGATCTTTTTTAAAAAAGTGTACAATAGGCTGATCTTTTTTAAAAAAGTGTGCTTCAGGCTACTCCTTTTTAAAAAAGTGTGCTTCAGGCTACTCCTTTTTAAAAAAGTGTGCTTCAGGCTACTCCTTTTTAAAAAAGTGTGCTTCAGGCTACTCCTTTTTAAAAAAGTGTAAAAAAGGCTACTCCTTTTTAAAAAGGCATACCTAAGGCTACTCCTTTTTAAAAAGGCATGCTTCAGGCTACTCCTTTTTAAAAAAGTGTGCTTCAGGCTACTCCTTTTTAAAAAAGTGTGGCGGAGGCTGATCTTTTTTAAAAAAATAGGCTTCAGGCTAGCGATTTTTAAAAAAAAAAGCTTCAGGCTAGCGATTTTTAAAAAAAAAAGCTTCAGGCTAGCGATTTTTAAAAAAAAAAACAATAGGCTAGCGATTTTTAAAAAAATAGAAAAAAGGCTAGCGATTTTT
60,61_12_319_262_59927_60670,AAAAAAAAAAAAAAAAGGCTAGCGATTTTTAAAAAAGTGTAAAAAAGGCTAGCGATTTTTAAAAAATTATACAATAGGCTACGTATTTTTAAAAAATTATGCTTCAGGCTACGTATTTTTAAAAAGGCATGCTTCAGGCTACGTATTTTTAAAAAGGCATGCTTCAGGCTACGTATTTTTAAAAAGGCATGCTTCAGGCTACGTATTTTTAAAAAAGTGTACAATAGGCTACGTATTTTTAAAAAAAAAAACCTAAGGCTACGTATTTTTAAAAAAGTGTGGCGGAGGCTACGTATTTTTAAAAAAGTGTGCTTCAGGCTACGTATTTTTAAAAAAGTGTGCTTCAGGCTACGTATTTTTAAAAAAATAGACCTAAGGCTACGTATTTTTAAAAAAAAAAAAAAAAGGCTACGTATTTTTAAAAAAGTGTACCTAAGGCTGATCTTTTTTAAAAAAGTGTGCTTCAGGCTGATCTTTTTTAAAAAAATAGGCTTCAGGCTGATCTTTTTTAAAAAAGTGTGCTTCAGGCTGATCTTTTTTAAAAAAATAGGGCGGAGGCTAGCGATTTTTAAAAAAAAAAGGCGGAGGCTAGCGATTTTTAAAAAAAAAAGGCGGAGGCTGATCTTTTTTAAAAAAATAGGCTTCAGGCTGATCTTTTTTAAAAAAATAGGGCGGAGGCTGATCTTTTTTAAAAAAATAGAAAAAAGGCTGATCTTTTTT
61,62_12_319_262_60670_60839,AAAAAAGTGTAAAAAAGGCTGATCTTTTTTAAAAAGGCATACCTAAGGCTACTCCTTTTTAAAAAAGTGTACCTAAGGCTACTCCTTTTT
62,63_12_319_262_60839_61431,AAAAAAGTGTGGCGGAGGCTACTCCTTTTTAAAAAAGTGTGCTTCAGGCTACTCCTTTTTAAAAAAGTGTGCTTCAGGCTACTCCTTTTTAAAAAGGCATGCTTCAGGCTACGTATTTTTAAAAAAGTGTGCTTCAGGCTACGTATTTTTAAAAAGGCATGCTTCAGGCTACTCCTTTTTAAAAAAGTGTGCTTCAGGCTACTCCTTTTTAAAAAGGCATGGCGGAGGCTACGTATTTTTAAAAAGGCATGCTTCAGGCTACGTATTTTTAAAAAAGTGTGCTTCAGGCTACTCCTTTTTAAAAAAGTGTGCTTCAGGCTACTCCTTTTTAAAAAAGTGTGCTTCAGGCTACTCCTTTTTAAAAAAGTGTGCTTCAGGCTGATCTTTTTTAAAAAAATAGGGCGGAGGCTGATCTTTTTTAAAAAAGTGTACCTAAGGCTGATCTTTTTTAAAAAAGTGTACCTAAGGCTACTCCTTTTTAAAAAAGTGTAAAAAAGGCTACTCCTTTTT
63,64_12_319_262_61431_62160,AAAAAAGTGTGGCGGAGGCTGATCTTTTTTAAAAAAGTGTGCTTCAGGCTGATCTTTTTTAAAAAAGTGTGCTTCAGGCTACTCCTTTTTAAAAAAGTGTGCTTCAGGCTACTCCTTTTTAAAAAAGTGTGCTTCAGGCTACGTATTTTTAAAAAGGCATGCTTCAGGCTACGTATTTTTAAAAAAGTGTGCTTCAGGCTACGTATTTTTAAAAAGGCATGCTTCAGGCTACGTATTTTTAAAAAAGTGTGCTTCAGGCTACGTATTTTTAAAAAAGTGTGCTTCAGGCTACGTATTTTTAAAAAAGTGTGCTTCAGGCTACGTATTTTTAAAAAGGCATGGCGGAGGCTACGTATTTTTAAAAAAGTGTGCTTCAGGCTACGTATTTTTAAAAAAGTGTGCTTCAGGCTACTCCTTTTTAAAAAAGTGTGCTTCAGGCTACTCCTTTTTAAAAAAGTGTGCTTCAGGCTACTCCTTTTTAAAAAAATAGGGCGGAGGCTACGTATTTTTAAAAAAAAAAAAAAAAGGCTACGTATTTTTAAAAAGGCATAAAAAAGGCTGATCTTTTTTAAAAAGGCATAAAAAAGGCTGATCTTTTTTAAAAAATTATGGCGGAGGCTAGCGATTTTTAAAAAGGCATACCTAAGGCTAGCGATTTTTAAAAAAGTGTACCTAAGGCTGATCTTTTTTAAAAAAATAGACCTAAGGCTGATCTTTTTT
64,65_12_319_262_62160_62753,AAAAAAGTGTACAATAGGCTGATCTTTTTTAAAAAAGTGTGCTTCAGGCTACTCCTTTTTAAAAAAGTGTGCTTCAGGCTACTCCTTTTTAAAAAAGTGTGCTTCAGGCTACTCCTTTTTAAAAAGGCATGCTTCAGGCTACTCCTTTTTAAAAAGGCATGCTTCAGGCTACGTATTTTTAAAAAAGTGTGCTTCAGGCTACGTATTTTTAAAAAGGCATGCTTCAGGCTACGTATTTTTAAAAAGGCATGCTTCAGGCTACGTATTTTTAAAAAGGCATACAATAGGCTACGTATTTTTAAAAAATTATACCTAAGGCTACGTATTTTTAAAAAGGCATAAAAAAGGCTACTCCTTTTTAAAAAAGTGTGCTTCAGGCTACTCCTTTTTAAAAAGGCATGCTTCAGGCTACTCCTTTTTAAAAAAGTGTGGCGGAGGCTGATCTTTTTTAAAAAAATAGGCTTCAGGCTAGCGATTTTTAAAAAAATAGGCTTCAGGCTAGCGATTTTTAAAAAAATAGGGCGGAGGCTAGCGATTTTTAAAAAAAAAAGCTTCAGGCTAGCGATTTTTAAAAAAAAAAGCTTCAGGCTGATCTTTTTTAAAAAAATAGGCTTCAGGCTGATCTTTTTTAAAAAAATAGGCTTCAGGCTGATCTTTTTTAAAAAAATAGGCTTCAGGCTGATCTTTTTTAAAAAAGTGTAAAAAAGGCTGATCTTTTTT
65,66_0_321_264_Orb_nan,AAAAAAGTGTGGCGGAGGCTGATCTTTTTTAAAAAGGCATGGCGGAGGCTGATCTTTTTTAAAAAAGTGTGCTTCAGGCTAGCGATTTTTAAAAAGGCATGCTTCAGGCTGATCTTTTTTAAAAAATTATGCTTCAGGCTACTCCTTTTTAAAAAGGCATGCTTCAGGCTACTCCTTTTTAAAAAATTATGCTTCAGGCTACTCCTTTTTAAAAAATTATGCTTCAGGCTGATCTTTTTTAAAAAATTATGCTTCAGGCTAGCGATTTTTAAAAAATTATGCTTCAGGCTGATCTTTTTTAAAAAATTATGCTTCAGGCTACGTATTTTTAAAAAATTATGCTTCAGGCTACGTATTTTTAAAAAATTATGCTTCAGGCTACGTATTTTTAAAAAATTATGCTTCAGGCTAGCGATTTTTAAAAAATTATGCTTCAGGCTAGCGATTTTTAAAAAATTATGCTTCAGGCTGATCTTTTTTAAAAAATTATGCTTCAGGCTGATCTTTTTTAAAAAATTATGCTTCAGGCTGATCTTTTTTAAAAAGGCATGCTTCAGGCTACTCCTTTTTAAAAAATTATGCTTCAGGCTACTCCTTTTTAAAAAATTATGCTTCAGGCTGATCTTTTTTAAAAAATTATGCTTCAGGCTAGCGATTTTTAAAAAATTATGCTTCAGGCTACTCCTTTTTAAAAAATTATGCTTCAGGCTACGTATTTTTAAAAAGGCATGCTTCAGGCTACTCCTTTTTAAAAAGGCATGCTTCAGGCTACGTATTTTTAAAAAAGTGTGCTTCAGGCTACGTATTTTTAAAAAGGCATGCTTCAGGCTACGTATTTTTAAAAAGGCATGCTTCAGGCTACGTATTTTTAAAAAGGCATGCTTCAGGCTACGTATTTTTAAAAAGGCATGCTTCAGGCTACGTATTTTTAAAAAGGCATGCTTCAGGCTACGTATTTTTAAAAAAGTGTGCTTCAGGCTACTCCTTTTTAAAAAGGCATGCTTCAGGCTGATCTTTTTTAAAAAAGTGTGGCGGAGGCTAGCGATTTTTAAAAAAATAGGCTTCAGGCTAGCGATTTTTAAAAAAATAGGCTTCAGGCTAGCGATTTTTAAAAAAGTGTGCTTCAGGCTAGCGATTTTTAAAAAGGCATGCTTCAGGCTAGCGATTTTTAAAAAGGCATGCTTCAGGCTAGCGATTTTTAAAAAGGCATAAAAAAGGCTGATCTTTTTTAAAAAATTATGGCGGAGGCTACGTATTTTTAAAAAATTATGCTTCAGGCTACGTATTTTTAAAAAATTATGCTTCAGGCTACTCCTTTTTAAAAAATTATGCTTCAGGCTACTCCTTTTTAAAAAATTATGCTTCAGGCTACTCCTTTTTAAAAAATTATGCTTCAGGCTGATCTTTTTTAAAAAATTATGCTTCAGGCTACTCCTTTTTAAAAAATTATGCTTCGCTGGACTCCTTTTTAAAAAATTATGCTTCGCTGGACTCCTTTTTAAAAAATTATGCTTCGCTGGACTCCTTTTTAAAAAATTATGCTTCGCTGGGATCTTTTTTAAAAAATTATGCTTCAGGCTGATCTTTTTTAAAAAATTATGCTTCAGGCTGATCTTTTTTAAAAAATTATGCTTCAGGCTGATCTTTTTTAAAAAATTATGCTTCAGGCTGATCTTTTTTAAAAAATTATGCTTCAGGCTACTCCTTTTTAAAAAATTATGCTTCAGGCTACGTATTTTTAAAAAATTATGCTTCAGGCTACTCCTTTTTAAAAAATTATGCTTCAGGCTGATCTTTTTTAAAAAATTATGCTTCAGGCTACGTATTTTTAAAAAATTATGCTTCAGGCTGATCTTTTTTAAAAAGGCATGGCGGAGGCTGATCTTTTTTAAAAAGGCATGGCGGAGGCTACTCCTTTTTAAAAAGGCATGCTTCAGGCTGATCTTTTTTAAAAAGGCATGCTTCAGGCTGATCTTTTTTAAAAAATTATGCTTCAGGCTAGCGATTTTTAAAAAATTATGCTTCAGGCTGATCTTTTTTAAAAAATTATGCTTCAGGCTACGTATTTTTAAAAAATTATGCTTCAGGCTACGTATTTTTAAAAAATTATGCTTCAGGCTACGTATTTTTAAAAAATTATGCTTCAGGCTGATCTTTTTTAAAAAATTATGCTTCAGGCTAGCGATTTTTAAAAAATTATGCTTCAGGCTGATCTTTTTTAAAAAATTATGCTTCAGGCTAGCGATTTTTAAAAAATTATGCTTCAGGCTAGCGATTTTTAAAAAATTATGCTTCAGGCTAGCGATTTTTAAAAAATTATGCTTCAGGCTAGCGATTTTTAAAAAATTATGCTTCAGGCTGATCTTTTTTAAAAAATTATGCTTCAGGCTACTCCTTTTTAAAAAATTATGCTTCAGGCTACTCCTTTTTAAAAAATTATGCTTCAGGCTGATCTTTTTTAAAAAATTATGCTTCAGGCTGATCTTTTTTAAAAAATTATGCTTCAGGCTGATCTTTTTTAAAAAATTATGCTTCAGGCTGATCTTTTTTAAAAAATTATGCTTCAGGCTGATCTTTTTTAAAAAATTATGCTTCAGGCTAGCGATTTTTAAAAAATTATGCTTCAGGCTACTCCTTTTTAAAAAATTATGCTTCAGGCTACGTATTTTTAAAAAATTATGCTTCAGGCTACGTATTTTTAAAAAATTATGCTTCAGGCTGATCTTTTTTAAAAAATTATGCTTCAGGCTGATCTTTTTTAAAAAGGCATGCTTCAGGCTGATCTTTTTTAAAAAGGCATACCTAAGGCTAGCGATTTTTAAAAAGGCATGGCGGAGGCTGATCTTTTTTAAAAAAGTGTAAAAAAGGCTGATCTTTTTT
66,67_56_322_265_nan_r,AAAAAGGCATGGCGGAGGCTAGCGATTTTTAAAAAAGTGTGCTTCAGGCTGATCTTTTTTAAAAAGGCATGCTTCAGGCTGATCTTTTTTAAAAAGGCATGGCGGAGGCTACTCCTTTTTAAAAAGGCATGCTTCAGGCTACGTATTTTTAAAAAGGCATGCTTCAGGCTACGTATTTTTAAAAAGGCATGGCGGAGGCTGATCTTTTTTAAAAAAGTGTGCTTCAGGCTAGCGATTTTTAAAAAAGTGTGCTTCAGGCTAGCGATTTTTAAAAAAGTGTGCTTCAGGCTAGCGATTTTTAAAAAGGCATGCTTCAGGCTAGCGATTTTTAAAAAGGCATGCTTCAGGCTAGCGATTTTTAAAAAGGCATGCTTCAGGCTAGCGATTTTTAAAAAGGCATGCTTCAGGCTAGCGATTTTTAAAAAGGCATGCTTCAGGCTAGCGATTTTTAAAAAGGCATGCTTCAGGCTAGCGATTTTTAAAAAGGCATGCTTCAGGCTAGCGATTTTTAAAAAGGCATGCTTCAGGCTAGCGATTTTTAAAAAATTATGCTTCAGGCTGATCTTTTTTAAAAAATTATGGCGGAGGCTACGTATTTTTAAAAAGGCATACAATAGGCTACGTATTTTTAAAAAAGTGTGCTTCAGGCTACGTATTTTTAAAAAAGTGTGCTTCAGGCTACGTATTTTTAAAAAAGTGTGCTTCAGGCTACGTATTTTTAAAAAAGTGTGCTTCAGGCTACGTATTTTTAAAAAGGCATGCTTCAGGCTACGTATTTTTAAAAAGGCATGCTTCAGGCTACTCCTTTTTAAAAAAGTGTGCTTCAGGCTACTCCTTTTTAAAAAGGCATGCTTCAGGCTGATCTTTTTTAAAAAAGTGTGCTTCAGGCTAGCGATTTTTAAAAAAGTGTAAAAAAGGCTAGCGATTTTTAAAAAAGTGTAAAAAAGGCTAGCGATTTTTAAAAAAGTGTGGCGGAGGCTAGCGATTTTTAAAAAAGTGTGGCGGAGGCTGATCTTTTTTAAAAAAAAAAAAAAAAGGCTAGCGATTTTTAAAAAAGTGTACCTAAGGCTAGCGATTTTTAAAAAAGTGTGCTTCAGGCTAGCGATTTTTAAAAAAGTGTAAAAAAGGCTAGCGATTTTTAAAAAGGCATACAATAGGCTAGCGATTTTTAAAAAAGTGTGCTTCAGGCTAGCGATTTTTAAAAAAGTGTGCTTCAGGCTGATCTTTTTTAAAAAGGCATGCTTCAGGCTGATCTTTTTTAAAAAGGCATGCTTCAGGCTAGCGATTTTTAAAAAATTATGCTTCAGGCTAGCGATTTTTAAAAAATTATGCTTCAGGCTACTCCTTTTTAAAAAATTATGCTTCAGGCTACGTATTTTTAAAAAATTATGCTTCAGGCTACGTATTTTTAAAAAATTATGCTTCAGGCTACTCCTTTTTAAAAAATTATGCTTCAGGCTAGCGATTTTTAAAAAATTATGCTTCGCTGGACTCCTTTTTAAAAAATTATGCTTCAGGCTGATCTTTTTTAAAAAATTATGCTTCAAAAAGATCTTTTTTAAAAAATTATGCTTCGTGCAGATCTTTTTTAAAAAATTATGCTTCAGGCTACGTATTTTTAAAAAATTATGCTTCAGGCTACGTATTTTTAAAAAATTATGCTTCAGGCTACGTATTTTT
67,68_55_322_265_nan_g,AAAAAAGTGTGGCGGAGGCTGATCTTTTTTAAAAAAGTGTGCTTCAGGCTAGCGATTTTTAAAAAAGTGTGCTTCAGGCTAGCGATTTTTAAAAAAGTGTGGCGGAGGCTGATCTTTTTTAAAAAAGTGTGGCGGAGGCTACTCCTTTTTAAAAAGGCATGCTTCAGGCTACGTATTTTTAAAAAAGTGTGCTTCAGGCTACGTATTTTTAAAAAGGCATGCTTCAGGCTACGTATTTTTAAAAAGGCATGCTTCAGGCTACTCCTTTTTAAAAAGGCATGCTTCAGGCTGATCTTTTTTAAAAAGGCATGCTTCAGGCTAGCGATTTTTAAAAAGGCATGCTTCAGGCTAGCGATTTTTAAAAAAGTGTGCTTCAGGCTAGCGATTTTTAAAAAAGTGTGCTTCAGGCTAGCGATTTTTAAAAAAGTGTGCTTCAGGCTAGCGATTTTTAAAAAAGTGTGCTTCAGGCTAGCGATTTTTAAAAAAGTGTGCTTCAGGCTAGCGATTTTTAAAAAGGCATGCTTCAGGCTGATCTTTTTTAAAAAGGCATGCTTCAGGCTACTCCTTTTTAAAAAGGCATGCTTCAGGCTACGTATTTTTAAAAAAGTGTGCTTCAGGCTACGTATTTTTAAAAAAATAGGCTTCAGGCTACGTATTTTTAAAAAAGTGTGCTTCAGGCTACGTATTTTTAAAAAAGTGTGCTTCAGGCTACTCCTTTTTAAAAAAGTGTGCTTCAGGCTACTCCTTTTTAAAAAGGCATGCTTCAGGCTACTCCTTTTTAAAAAATTATGCTTCAGGCTACTCCTTTTT
68,69_54_322_265_nan_b,AAAAAAGTGTGGCGGAGGCTAGCGATTTTTAAAAAAGTGTGCTTCAGGCTAGCGATTTTTAAAAAAGTGTGCTTCAGGCTAGCGATTTTTAAAAAAGTGTGCTTCAGGCTGATCTTTTTTAAAAAGGCATGGCGGAGGCTGATCTTTTTTAAAAAAGTGTGCTTCAGGCTACTCCTTTTTAAAAAGGCATGCTTCAGGCTACGTATTTTTAAAAAGGCATGGCGGAGGCTACGTATTTTTAAAAAGGCATGCTTCAGGCTACGTATTTTTAAAAAGGCATGCTTCAGGCTACGTATTTTTAAAAAAGTGTGGCGGAGGCTGATCTTTTTTAAAAAGGCATGCTTCAGGCTAGCGATTTTTAAAAAGGCATGCTTCAGGCTAGCGATTTTTAAAAAAGTGTGCTTCAGGCTAGCGATTTTTAAAAAGGCATGCTTCAGGCTAGCGATTTTTAAAAAAGTGTGCTTCAGGCTAGCGATTTTTAAAAAGGCATGCTTCAGGCTAGCGATTTTTAAAAAGGCATGCTTCAGGCTAGCGATTTTTAAAAAGGCATGCTTCAGGCTAGCGATTTTTAAAAAGGCATGCTTCAGGCTAGCGATTTTTAAAAAGGCATGCTTCAGGCTAGCGATTTTTAAAAAGGCATGCTTCAGGCTAGCGATTTTTAAAAAATTATGCTTCAGGCTGATCTTTTTTAAAAAGGCATGCTTCAGGCTACGTATTTTTAAAAAGGCATGCTTCAGGCTACGTATTTTTAAAAAGGCATGCTTCAGGCTACGTATTTTTAAAAAGGCATGCTTCAGGCTACGTATTTTTAAAAAGGCATGCTTCAGGCTACGTATTTTTAAAAAAGTGTGCTTCAGGCTACGTATTTTTAAAAAGGCATGCTTCAGGCTACGTATTTTTAAAAAGGCATGGCGGAGGCTACGTATTTTTAAAAAAGTGTACAATAGGCTGATCTTTTTTAAAAAAGTGTGGCGGAGGCTGATCTTTTTT
69,70_7_319_262_nan_r,AAAAAAGTGTGCTTCAGGCTAGCGATTTTTAAAAAAGTGTGCTTCAGGCTAGCGATTTTTAAAAAAGTGTGCTTCAGGCTAGCGATTTTTAAAAAAGTGTGCTTCAGGCTGATCTTTTTTAAAAAAGTGTGCTTCAGGCTGATCTTTTTTAAAAAATTATGGCGGAGGCTGATCTTTTTTAAAAAGGCATGCTTCAGGCTACTCCTTTTTAAAAAGGCATGCTTCAGGCTACTCCTTTTTAAAAAATTATGCTTCAGGCTAGCGATTTTTAAAAAGGCATGCTTCAGGCTGATCTTTTTTAAAAAGGCATGCTTCAGGCTACTCCTTTTTAAAAAGGCATGCTTCAGGCTACTCCTTTTTAAAAAATTATGCTTCAGGCTACTCCTTTTTAAAAAGGCATGCTTCAGGCTGATCTTTTTTAAAAAGGCATGCTTCAGGCTGATCTTTTTTAAAAAATTATGCTTCAGGCTGATCTTTTTTAAAAAATTATGCTTCAGGCTACTCCTTTTTAAAAAATTATGCTTCAGGCTACGTATTTTTAAAAAATTATGCTTCAGGCTACGTATTTTTAAAAAATTATGCTTCAGGCTACGTATTTTTAAAAAATTATGCTTCAGGCTACGTATTTTTAAAAAGGCATGCTTCAGGCTACGTATTTTTAAAAAGGCATGCTTCAGGCTACGTATTTTTAAAAAGGCATGCTTCAGGCTACGTATTTTTAAAAAGGCATGCTTCAGGCTACGTATTTTTAAAAAGGCATGCTTCAGGCTACTCCTTTTTAAAAAGGCATGCTTCAGGCTACTCCTTTTTAAAAAGGCATGCTTCAGGCTACTCCTTTTTAAAAAGGCATGCTTCAGGCTACTCCTTTTTAAAAAGGCATGCTTCAGGCTACTCCTTTTTAAAAAGGCATGCTTCAGGCTACTCCTTTTTAAAAAGGCATGCTTCAGGCTACTCCTTTTTAAAAAGGCATGCTTCAGGCTACGTATTTTTAAAAAGGCATGCTTCAGGCTACGTATTTTTAAAAAGGCATGCTTCAGGCTACGTATTTTTAAAAAAGTGTGCTTCAGGCTACGTATTTTTAAAAAAGTGTGCTTCAGGCTACGTATTTTTAAAAAATTATGCTTCAGGCTACTCCTTTTTAAAAAGGCATACCTAAGGCTACTCCTTTTTAAAAAGGCATGGCGGAGGCTACGTATTTTTAAAAAAGTGTGGCGGAGGCTACTCCTTTTTAAAAAAATAGGCTTCAGGCTGATCTTTTTTAAAAAAGTGTGCTTCAGGCTGATCTTTTTTAAAAAAGTGTGCTTCAGGCTGATCTTTTTTAAAAAAGTGTGCTTCAGGCTGATCTTTTTTAAAAAAGTGTGGCGGAGGCTGATCTTTTTTAAAAAAGTGTACAATAGGCTGATCTTTTTTAAAAAAATAGAAAAAAGGCTAGCGATTTTTAAAAAAGTGTACAATAGGCTAGCGATTTTTAAAAAAGTGTGCTTCAGGCTGATCTTTTTTAAAAAAGTGTGCTTCAGGCTGATCTTTTTTAAAAAAGTGTGCTTCAGGCTGATCTTTTTTAAAAAAGTGTGCTTCAGGCTGATCTTTTTTAAAAAATTATGCTTCAGGCTACTCCTTTTTAAAAAATTATGCTTCAGGCTACTCCTTTTTAAAAAATTATGCTTCAGGCTACTCCTTTTTAAAAAATTATGCTTCAGGCTACGTATTTTTAAAAAGGCATGCTTCAGGCTACGTATTTTTAAAAAGGCATGCTTCAGGCTACGTATTTTTAAAAAAGTGTGCTTCAGGCTACGTATTTTTAAAAAAGTGTGCTTCAGGCTACGTATTTTTAAAAAGGCATGCTTCAGGCTACGTATTTTTAAAAAAGTGTGCTTCAGGCTACGTATTTTTAAAAAGGCATGCTTCAGGCTACGTATTTTTAAAAAGGCATGCTTCAGGCTACGTATTTTTAAAAAGGCATGCTTCAGGCTACGTATTTTTAAAAAAGTGTGCTTCAGGCTACGTATTTTTAAAAAATTATACCTAAGGCTGATCTTTTTTAAAAAGGCATACCTAAGGCTACTCCTTTTTAAAAAGGCATACAATAGGCTGATCTTTTTTAAAAAAATAGGGCGGAGGCTACTCCTTTTTAAAAAAGTGTGCTTCAGGCTACTCCTTTTTAAAAAAATAGAAAAAAGGCTACTCCTTTTTAAAAAAGTGTAAAAAAGGCTGATCTTTTTTAAAAAAAAAAAAAAAAGGCTAGCGATTTTTAAAAAAAAAAAAAAAAGGCTAGCGATTTTTAAAAAGGCATAAAAAAGGCTAGCGATTTTTAAAAAAATAGAAAAAAGGCTAGCGATTTTTAAAAAAGTGTAAAAAAGGCTAGCGATTTTTAAAAAAGTGTGCTTCAGGCTAGCGATTTTTAAAAAAATAGGCTTCAGGCTAGCGATTTTTAAAAAAATAGGCTTCAGGCTAGCGATTTTTAAAAAAATAGGCTTCAGGCTAGCGATTTTTAAAAAAGTGTGCTTCAGGCTAGCGATTTTTAAAAAAGTGTGCTTCAGGCTGATCTTTTTTAAAAAAGTGTGCTTCAGGCTGATCTTTTTTAAAAAAGTGTGCTTCAGGCTACTCCTTTTTAAAAAAGTGTGGCGGAGGCTACTCCTTTTTAAAAAAGTGTAAAAAAGGCTACTCCTTTTTAAAAAGGCATACAATAGGCTACTCCTTTTTAAAAAAGTGTGCTTCAGGCTACTCCTTTTTAAAAAAGTGTGCTTCAGGCTACTCCTTTTTAAAAAGGCATGCTTCAGGCTACTCCTTTTTAAAAAAGTGTACCTAAGGCTACGTATTTTTAAAAAAGTGTGGCGGAGGCTACGTATTTTTAAAAAAGTGTGCTTCAGGCTACGTATTTTTAAAAAGGCATGGCGGAGGCTACGTATTTTTAAAAAGGCATGCTTCAGGCTACTCCTTTTTAAAAAGGCATGGCGGAGGCTACGTATTTTT
70,71_8_319_262_nan_g,AAAAAAGTGTGGCGGAGGCTAGCGATTTTTAAAAAAGTGTGCTTCAGGCTAGCGATTTTTAAAAAGGCATGCTTCAGGCTAGCGATTTTTAAAAAGGCATGCTTCAGGCTAGCGATTTTTAAAAAGGCATGCTTCAGGCTGATCTTTTTTAAAAAGGCATGCTTCAGGCTGATCTTTTTTAAAAAGGCATGCTTCAGGCTAGCGATTTTTAAAAAATTATGCTTCAGGCTGATCTTTTTTAAAAAATTATGCTTCAGGCTGATCTTTTTTAAAAAATTATGCTTCAGGCTGATCTTTTTTAAAAAATTATGCTTCAGGCTGATCTTTTTTAAAAAATTATGCTTCAGGCTGATCTTTTTTAAAAAATTATGCTTCAGGCTGATCTTTTTTAAAAAATTATGCTTCAGGCTACGTATTTTTAAAAAATTATGCTTCAGGCTACGTATTTTTAAAAAATTATGCTTCAGGCTACGTATTTTTAAAAAATTATGCTTCAGGCTACGTATTTTTAAAAAATTATGCTTCAGGCTACGTATTTTTAAAAAATTATGCTTCAGGCTACGTATTTTTAAAAAGGCATGCTTCAGGCTACTCCTTTTTAAAAAGGCATGCTTCAGGCTGATCTTTTTTAAAAAATTATGCTTCAGGCTGATCTTTTTTAAAAAATTATGCTTCAGGCTGATCTTTTTTAAAAAGGCATGCTTCAGGCTACGTATTTTTAAAAAGGCATGCTTCAGGCTACGTATTTTTAAAAAGGCATGCTTCAGGCTACGTATTTTTAAAAAATTATGCTTCAGGCTACGTATTTTTAAAAAGGCATGCTTCAGGCTACTCCTTTTTAAAAAGGCATGCTTCAGGCTACGTATTTTTAAAAAGGCATGCTTCAGGCTACGTATTTTTAAAAAAGTGTGCTTCAGGCTACGTATTTTTAAAAAGGCATGCTTCAGGCTACTCCTTTTTAAAAAGGCATGCTTCAGGCTACTCCTTTTTAAAAAGGCATGCTTCAGGCTACTCCTTTTTAAAAAAGTGTGCTTCAGGCTACTCCTTTTTAAAAAAGTGTGCTTCAGGCTACTCCTTTTTAAAAAGGCATGCTTCAGGCTACGTATTTTTAAAAAGGCATGCTTCAGGCTACGTATTTTTAAAAAGGCATGCTTCAGGCTACGTATTTTTAAAAAGGCATGGCGGAGGCTACGTATTTTTAAAAAATTATAAAAAAGGCTGATCTTTTTTAAAAAATTATGCTTCAGGCTACTCCTTTTTAAAAAGGCATGCTTCAGGCTACTCCTTTTTAAAAAGGCATGCTTCAGGCTACTCCTTTTTAAAAAGGCATGCTTCAGGCTACTCCTTTTTAAAAAAGTGTGGCGGAGGCTGATCTTTTTTAAAAAAATAGGGCGGAGGCTAGCGATTTTTAAAAAAAAAAGGCGGAGGCTAGCGATTTTTAAAAAAATAGGGCGGAGGCTAGCGATTTTTAAAAAAGTGTGCTTCAGGCTAGCGATTTTTAAAAAAATAGGCTTCAGGCTAGCGATTTTTAAAAAAATAGGCTTCAGGCTAGCGATTTTTAAAAAAATAGGCTTCAGGCTGATCTTTTTTAAAAAAGTGTGCTTCAGGCTGATCTTTTTTAAAAAAGTGTGCTTCAGGCTGATCTTTTTTAAAAAAGTGTGCTTCAGGCTGATCTTTTTTAAAAAGGCATGCTTCAGGCTACTCCTTTTTAAAAAATTATGCTTCAGGCTACTCCTTTTTAAAAAGGCATGCTTCAGGCTACGTATTTTTAAAAAGGCATGCTTCAGGCTACGTATTTTTAAAAAGGCATGCTTCAGGCTACGTATTTTTAAAAAGGCATGCTTCAGGCTACGTATTTTTAAAAAGGCATGCTTCAGGCTACGTATTTTTAAAAAGGCATGCTTCAGGCTACGTATTTTTAAAAAGGCATGCTTCAGGCTACGTATTTTTAAAAAATTATGCTTCAGGCTACGTATTTTTAAAAAAGTGTGGCGGAGGCTACGTATTTTTAAAAAAGTGTGGCGGAGGCTACGTATTTTTAAAAAAGTGTGGCGGAGGCTACTCCTTTTTAAAAAAGTGTGCTTCAGGCTGATCTTTTTTAAAAAAGTGTGCTTCAGGCTGATCTTTTTTAAAAAAGTGTGCTTCAGGCTGATCTTTTTTAAAAAGGCATGGCGGAGGCTACTCCTTTTTAAAAAGGCATGCTTCAGGCTACGTATTTTTAAAAAGGCATGGCGGAGGCTACGTATTTTTAAAAAAGTGTGCTTCAGGCTACTCCTTTTTAAAAAAGTGTGCTTCAGGCTGATCTTTTTTAAAAAAGTGTGCTTCAGGCTGATCTTTTTTAAAAAAGTGTGCTTCAGGCTGATCTTTTTTAAAAAAATAGGCTTCAGGCTAGCGATTTTTAAAAAAGTGTGCTTCAGGCTAGCGATTTTTAAAAAAATAGGCTTCAGGCTAGCGATTTTTAAAAAAGTGTGCTTCAGGCTAGCGATTTTTAAAAAAGTGTGCTTCAGGCTAGCGATTTTTAAAAAAGTGTGCTTCAGGCTAGCGATTTTTAAAAAGGCATGCTTCAGGCTAGCGATTTTTAAAAAGGCATGCTTCAGGCTAGCGATTTTTAAAAAATTATGCTTCAGGCTAGCGATTTTTAAAAAATTATGCTTCAGGCTACTCCTTTTTAAAAAATTATGCTTCAGGCTACGTATTTTTAAAAAATTATGCTTCAGGCTACGTATTTTTAAAAAGGCATGCTTCAGGCTACGTATTTTTAAAAAGGCATGCTTCAGGCTACGTATTTTTAAAAAATTATGCTTCAGGCTACGTATTTTTAAAAAATTATGCTTCAGGCTACGTATTTTTAAAAAATTATGCTTCAGGCTACGTATTTTTAAAAAATTATGCTTCAGGCTGATCTTTTTTAAAAAGGCATGCTTCAGGCTGATCTTTTTTAAAAAGGCATGCTTCAGGCTGATCTTTTTTAAAAAGGCATGCTTCAGGCTGATCTTTTTTAAAAAATTATGCTTCAGGCTACTCCTTTTTAAAAAATTATGCTTCAGGCTACGTATTTTTAAAAAATTATGCTTCAGGCTACGTATTTTTAAAAAATTATGCTTCAGGCTACGTATTTTTAAAAAATTATGCTTCAGGCTACGTATTTTTAAAAAATTATGCTTCAGGCTACTCCTTTTTAAAAAATTATGCTTCAGGCTGATCTTTTTTAAAAAGGCATGCTTCAGGCTGATCTTTTTTAAAAAAGTGTGCTTCAGGCTACTCCTTTTTAAAAAAGTGTGCTTCAGGCTGATCTTTTTTAAAAAAGTGTGCTTCAGGCTGATCTTTTTTAAAAAAGTGTGCTTCAGGCTGATCTTTTTTAAAAAAGTGTGCTTCAGGCTGATCTTTTTTAAAAAAGTGTAAAAAAGGCTGATCTTTTTTAAAAAGGCATGGCGGAGGCTACTCCTTTTTAAAAAGGCATGCTTCAGGCTGATCTTTTTTAAAAAGGCATGCTTCAGGCTAGCGATTTTTAAAAAGGCATGCTTCAGGCTAGCGATTTTTAAAAAGGCATGCTTCAGGCTGATCTTTTTTAAAAAGGCATGCTTCAGGCTAGCGATTTTTAAAAAATTATGCTTCAGGCTGATCTTTTTTAAAAAATTATGCTTCAGGCTGATCTTTTTTAAAAAATTATGCTTCAGGCTGATCTTTTTTAAAAAATTATGCTTCAGGCTACGTATTTTTAAAAAATTATGCTTCAGGCTACGTATTTTTAAAAAGGCATGCTTCAGGCTACGTATTTTTAAAAAGGCATGCTTCAGGCTACGTATTTTTAAAAAGGCATGCTTCAGGCTACGTATTTTTAAAAAGGCATGCTTCAGGCTACGTATTTTTAAAAAGGCATGCTTCAGGCTACGTATTTTTAAAAAAGTGTGCTTCAGGCTACTCCTTTTTAAAAAAGTGTGCTTCAGGCTGATCTTTTTTAAAAAAGTGTGCTTCAGGCTGATCTTTTTTAAAAAAGTGTAAAAAAGGCTGATCTTTTTT
71,72_9_319_262_nan_b,AAAAAAATAGGCTTCAGGCTAGCGATTTTTAAAAAAATAGGCTTCAGGCTAGCGATTTTTAAAAAAGTGTGGCGGAGGCTAGCGATTTTTAAAAAATTATGCTTCAGGCTGATCTTTTTTAAAAAATTATGCTTCAGGCTACTCCTTTTTAAAAAGGCATGCTTCAGGCTACGTATTTTTAAAAAGGCATGCTTCAGGCTGATCTTTTTTAAAAAGGCATGCTTCAGGCTGATCTTTTTTAAAAAGGCATGCTTCAGGCTGATCTTTTTTAAAAAATTATGCTTCAGGCTACTCCTTTTTAAAAAATTATGCTTCAGGCTGATCTTTTTTAAAAAGGCATGCTTCAGGCTACTCCTTTTTAAAAAGGCATGCTTCAGGCTACGTATTTTTAAAAAGGCATGCTTCAGGCTACTCCTTTTTAAAAAGGCATGGCGGAGGCTGATCTTTTTTAAAAAGGCATGCTTCAGGCTAGCGATTTTTAAAAAATTATGCTTCAGGCTGATCTTTTTTAAAAAATTATGCTTCAGGCTACTCCTTTTTAAAAAATTATGCTTCAGGCTACGTATTTTTAAAAAATTATGCTTCAGGCTGATCTTTTTTAAAAAATTATGCTTCAGGCTAGCGATTTTTAAAAAATTATGCTTCAGGCTGATCTTTTTTAAAAAATTATGCTTCAGGCTAGCGATTTTTAAAAAATTATGCTTCGTGCAGATCTTTTTTAAAAAATTATGCTTCAGGCTACTCCTTTTTAAAAAATTATGCTTCAGGCTACTCCTTTTTAAAAAATTATGCTTCAGGCTGATCTTTTTTAAAAAATTATGCTTCAGGCTACTCCTTTTTAAAAAATTATGCTTCAGGCTACTCCTTTTTAAAAAGGCATGCTTCAGGCTACGTATTTTTAAAAAGGCATGCTTCAGGCTACTCCTTTTTAAAAAAGTGTGCTTCAGGCTGATCTTTTTTAAAAAGGCATGCTTCAGGCTGATCTTTTTTAAAAAGGCATACCTAAGGCTACTCCTTTTTAAAAAGGCATACAATAGGCTACTCCTTTTTAAAAAGGCATGCTTCAGGCTGATCTTTTTTAAAAAGGCATGCTTCAGGCTGATCTTTTTTAAAAAGGCATGCTTCAGGCTGATCTTTTTTAAAAAAGTGTGCTTCAGGCTGATCTTTTTTAAAAAGGCATGCTTCAGGCTGATCTTTTTTAAAAAATTATGCTTCAGGCTACGTATTTTTAAAAAATTATGCTTCAGGCTACTCCTTTTTAAAAAGGCATGCTTCAGGCTGATCTTTTTTAAAAAATTATGCTTCAGGCTGATCTTTTTTAAAAAATTATGCTTCAGGCTACTCCTTTTTAAAAAATTATGCTTCAGGCTGATCTTTTTTAAAAAATTATGCTTCAGGCTAGCGATTTTTAAAAAATTATGCTTCAGGCTGATCTTTTTTAAAAAGGCATGCTTCAGGCTAGCGATTTTTAAAAAGGCATGCTTCAGGCTGATCTTTTTTAAAAAGGCATGCTTCAGGCTGATCTTTTTTAAAAAATTATGCTTCAGGCTACTCCTTTTTAAAAAATTATGCTTCAGGCTACTCCTTTTTAAAAAGGCATGCTTCAGGCTGATCTTTTTTAAAAAATTATACCTAAGGCTACTCCTTTTTAAAAAATTATGCTTCAGGCTACGTATTTTTAAAAAATTATGCTTCAGGCTACGTATTTTTAAAAAATTATGCTTCAGGCTACGTATTTTTAAAAAATTATGCTTCAGGCTACGTATTTTTAAAAAATTATGCTTCAGGCTACTCCTTTTTAAAAAATTATGCTTCAGGCTGATCTTTTTTAAAAAATTATGCTTCAGGCTACTCCTTTTTAAAAAATTATGCTTCAGGCTACGTATTTTTAAAAAATTATGCTTCAGGCTACTCCTTTTTAAAAAATTATGCTTCAGGCTACGTATTTTTAAAAAATTATGCTTCAGGCTACGTATTTTTAAAAAATTATGCTTCAGGCTACGTATTTTTAAAAAATTATGCTTCAGGCTACTCCTTTTTAAAAAATTATGCTTCAGGCTACTCCTTTTTAAAAAATTATGCTTCAGGCTAGCGATTTTTAAAAAATTATGCTTCAGGCTACGTATTTTTAAAAAATTATGCTTCAGGCTACTCCTTTTTAAAAAATTATGCTTCAGGCTACTCCTTTTTAAAAAGGCATGCTTCAGGCTACTCCTTTTTAAAAAAGTGTGCTTCAGGCTACTCCTTTTTAAAAAAGTGTGCTTCAGGCTGATCTTTTTTAAAAAAGTGTACAATAGGCTGATCTTTTTTAAAAAGGCATGGCGGAGGCTACTCCTTTTTAAAAAGGCATGCTTCAGGCTACTCCTTTTTAAAAAGGCATGCTTCAGGCTACTCCTTTTTAAAAAGGCATGCTTCAGGCTACTCCTTTTTAAAAAGGCATGCTTCAGGCTACTCCTTTTTAAAAAATTATGCTTCAGGCTACTCCTTTTTAAAAAATTATGCTTCAGGCTGATCTTTTTTAAAAAATTATGCTTCAGGCTACTCCTTTTTAAAAAATTATGCTTCAGGCTACGTATTTTTAAAAAATTATGCTTCAGGCTACGTATTTTTAAAAAGGCATGCTTCAGGCTACTCCTTTTTAAAAAGGCATGCTTCAGGCTACTCCTTTTTAAAAAGGCATGCTTCAGGCTACGTATTTTTAAAAAGGCATGCTTCAGGCTACTCCTTTTTAAAAAAGTGTGGCGGAGGCTGATCTTTTTTAAAAAAGTGTGCTTCAGGCTAGCGATTTTTAAAAAAGTGTGGCGGAGGCTAGCGATTTTTAAAAAGGCATGCTTCAGGCTAGCGATTTTTAAAAAATTATGCTTCAGGCTGATCTTTTTTAAAAAATTATGCTTCAGGCTACGTATTTTTAAAAAATTATGCTTCAGGCTACTCCTTTTTAAAAAATTATGCTTCAGGCTACGTATTTTTAAAAAATTATGCTTCAGGCTACGTATTTTTAAAAAATTATGCTTCAGGCTGATCTTTTTTAAAAAATTATGCTTCAGGCTGATCTTTTTTAAAAAATTATGCTTCAGGCTGATCTTTTTTAAAAAATTATGCTTCAGGCTGATCTTTTTTAAAAAATTATGGCGGAGGCTAGCGATTTTTAAAAAATTATGGCGGAGGCTGATCTTTTTTAAAAAATTATGCTTCAGGCTACTCCTTTTTAAAAAATTATGCTTCAGGCTGATCTTTTTTAAAAAGGCATGCTTCAGGCTGATCTTTTTTAAAAAGGCATGCTTCAGGCTGATCTTTTTTAAAAAATTATGCTTCAGGCTACTCCTTTTTAAAAAATTATGCTTCAGGCTACGTATTTTTAAAAAATTATGCTTCAGGCTACTCCTTTTTAAAAAATTATGCTTCAGGCTACTCCTTTTTAAAAAATTATGCTTCAGGCTACGTATTTTTAAAAAATTATGCTTCAGGCTAGCGATTTTTAAAAAATTATGCTTCAGGCTGATCTTTTTTAAAAAATTATGCTTCAGGCTACTCCTTTTTAAAAAATTATGCTTCAGGCTGATCTTTTTTAAAAAATTATGCTTCAGGCTACTCCTTTTTAAAAAATTATGCTTCAGGCTACGTATTTTTAAAAAATTATGCTTCAGGCTACTCCTTTTTAAAAAATTATGCTTCAGGCTACTCCTTTTTAAAAAATTATGCTTCAGGCTACTCCTTTTTAAAAAATTATGCTTCAGGCTGATCTTTTTTAAAAAATTATGCTTCAGGCTACTCCTTTTTAAAAAATTATGCTTCAGGCTGATCTTTTTTAAAAAATTATGCTTCAGGCTGATCTTTTTTAAAAAATTATGCTTCAGGCTGATCTTTTTTAAAAAATTATGCTTCAGGCTGATCTTTTTTAAAAAATTATGCTTCAGGCTACTCCTTTTTAAAAAATTATGCTTCAGGCTACTCCTTTTTAAAAAATTATGCTTCAGGCTACGTATTTTTAAAAAATTATGCTTCAGGCTACGTATTTTTAAAAAGGCATGCTTCAGGCTACGTATTTTTAAAAAGGCATGCTTCAGGCTACTCCTTTTTAAAAAGGCATGCTTCAGGCTGATCTTTTTTAAAAAAGTGTGCTTCAGGCTGATCTTTTTTAAAAAAGTGTGCTTCAGGCTGATCTTTTTTAAAAAAGTGTACAATAGGCTGATCTTTTTTAAAAAGGCATACCTAAGGCTAGCGATTTTTAAAAAAGTGTGCTTCAGGCTAGCGATTTTTAAAAAGGCATGCTTCAGGCTAGCGATTTTTAAAAAGGCATGCTTCAGGCTAGCGATTTTTAAAAAATTATGCTTCAGGCTACTCCTTTTTAAAAAATTATGCTTCAGGCTACGTATTTTTAAAAAATTATGGCGGAGGCTACGTATTTTTAAAAAATTATGCTTCAGGCTACGTATTTTTAAAAAGGCATGCTTCAGGCTACGTATTTTTAAAAAAATAGACAATAGGCTACGTATTTTT
72,73_1_321_264_nan_r,AAAAAAGTGTACAATAGGCTACTCCTTTTTAAAAAAGTGTGCTTCAGGCTACTCCTTTTTAAAAAAGTGTGGCGGAGGCTACTCCTTTTTAAAAAAGTGTGCTTCAGGCTACGTATTTTTAAAAAAGTGTGCTTCAGGCTACTCCTTTTTAAAAAGGCATGGCGGAGGCTGATCTTTTTTAAAAAGGCATGCTTCAGGCTAGCGATTTTTAAAAAGGCATGCTTCAGGCTAGCGATTTTTAAAAAGGCATGCTTCAGGCTAGCGATTTTTAAAAAGGCATGCTTCAGGCTAGCGATTTTTAAAAAGGCATGCTTCAGGCTAGCGATTTTTAAAAAATTATGCTTCAGGCTAGCGATTTTTAAAAAATTATGCTTCAGGCTAGCGATTTTTAAAAAATTATGCTTCAGGCTGATCTTTTTTAAAAAATTATGCTTCAGGCTACTCCTTTTTAAAAAATTATGCTTCAGGCTAGCGATTTTTAAAAAATTATGCTTCAGGCTGATCTTTTTTAAAAAATTATGCTTCAGGCTACTCCTTTTTAAAAAATTATGCTTCAGGCTACGTATTTTTAAAAAATTATGCTTCAGGCTACTCCTTTTTAAAAAATTATGCTTCAGGCTACGTATTTTTAAAAAGGCATGCTTCAGGCTACTCCTTTTTAAAAAGGCATGCTTCAGGCTGATCTTTTTTAAAAAATTATGCTTCAGGCTGATCTTTTTTAAAAAGGCATGCTTCAGGCTGATCTTTTTTAAAAAGGCATGCTTCAGGCTGATCTTTTTTAAAAAATTATGCTTCAGGCTACTCCTTTTTAAAAAATTATGCTTCAGGCTACTCCTTTTTAAAAAATTATGCTTCAGGCTACTCCTTTTTAAAAAATTATGCTTCAGGCTACTCCTTTTTAAAAAATTATGCTTCAGGCTACTCCTTTTTAAAAAATTATGCTTCAGGCTGATCTTTTTTAAAAAATTATGCTTCAGGCTGATCTTTTTTAAAAAATTATGCTTCAGGCTACTCCTTTTTAAAAAATTATGCTTCAGGCTGATCTTTTTTAAAAAATTATGCTTCAGGCTACTCCTTTTTAAAAAATTATGCTTCAGGCTGATCTTTTTTAAAAAATTATGCTTCAGGCTGATCTTTTTTAAAAAATTATGCTTCAGGCTGATCTTTTTTAAAAAATTATGCTTCAGGCTACTCCTTTTTAAAAAATTATGCTTCAGGCTGATCTTTTTTAAAAAATTATGCTTCAGGCTACTCCTTTTTAAAAAATTATGCTTCAGGCTACTCCTTTTTAAAAAATTATGCTTCAGGCTGATCTTTTTTAAAAAATTATGCTTCAGGCTACTCCTTTTTAAAAAATTATGCTTCAGGCTACGTATTTTTAAAAAATTATGCTTCAGGCTGATCTTTTTTAAAAAATTATGCTTCAGGCTGATCTTTTTTAAAAAATTATGCTTCAGGCTACTCCTTTTTAAAAAATTATGCTTCAGGCTACGTATTTTTAAAAAATTATGCTTCAGGCTACGTATTTTTAAAAAATTATGCTTCAGGCTACTCCTTTTTAAAAAATTATGCTTCAGGCTACGTATTTTTAAAAAATTATGCTTCAGGCTACTCCTTTTTAAAAAATTATGCTTCAGGCTACGTATTTTTAAAAAATTATGCTTCAGGCTACTCCTTTTTAAAAAATTATGCTTCAGGCTACTCCTTTTTAAAAAGGCATGCTTCAGGCTACTCCTTTTTAAAAAATTATGCTTCAGGCTACTCCTTTTTAAAAAATTATGCTTCAGGCTGATCTTTTTTAAAAAATTATGCTTCAGGCTGATCTTTTTTAAAAAATTATGCTTCAGGCTAGCGATTTTTAAAAAATTATGCTTCAGGCTGATCTTTTTTAAAAAATTATGCTTCAGGCTACTCCTTTTTAAAAAATTATGCTTCAGGCTACGTATTTTTAAAAAATTATGCTTCGCTGGACGTATTTTTAAAAAATTATGCTTCAGGCTACGTATTTTTAAAAAATTATGCTTCAGGCTGATCTTTTTTAAAAAATTATGCTTCAGGCTACTCCTTTTTAAAAAATTATGCTTCAGGCTACTCCTTTTTAAAAAATTATGCTTCAGGCTACTCCTTTTTAAAAAATTATGCTTCAGGCTACGTATTTTTAAAAAATTATGCTTCAGGCTACTCCTTTTTAAAAAATTATGCTTCAGGCTGATCTTTTTTAAAAAATTATGCTTCAGGCTACTCCTTTTTAAAAAATTATGCTTCAGGCTAGCGATTTTTAAAAAATTATGCTTCAGGCTAGCGATTTTTAAAAAATTATGCTTCAGGCTAGCGATTTTTAAAAAATTATGCTTCAGGCTGATCTTTTTTAAAAAATTATGCTTCAGGCTACGTATTTTTAAAAAATTATGCTTCAGGCTGATCTTTTTTAAAAAATTATGCTTCAGGCTGATCTTTTTTAAAAAATTATGCTTCAGGCTACTCCTTTTTAAAAAATTATGCTTCAGGCTACTCCTTTTTAAAAAATTATGGCGGAGGCTACTCCTTTTTAAAAAATTATGGCGGAGGCTAGCGATTTTTAAAAAGGCATACAATAGGCTAGCGATTTTTAAAAAATTATGGCGGAGGCTACGTATTTTTAAAAAATTATGCTTCAGGCTACTCCTTTTTAAAAAATTATGCTTCAGGCTACTCCTTTTT
73,74_2_321_264_nan_g,AAAAAAATAGGGCGGAGGCTGATCTTTTTTAAAAAAATAGGGCGGAGGCTACTCCTTTTTAAAAAAATAGGCTTCAGGCTACGTATTTTTAAAAAAGTGTGCTTCAGGCTACTCCTTTTTAAAAAGGCATGCTTCAGGCTACTCCTTTTTAAAAAATTATGCTTCAGGCTGATCTTTTTTAAAAAGGCATGCTTCAGGCTAGCGATTTTTAAAAAGGCATGCTTCAGGCTAGCGATTTTTAAAAAGGCATGCTTCAGGCTAGCGATTTTTAAAAAATTATGCTTCAGGCTAGCGATTTTTAAAAAATTATGCTTCAGGCTGATCTTTTTTAAAAAATTATGCTTCAGGCTGATCTTTTTTAAAAAATTATGCTTCAGGCTGATCTTTTTTAAAAAATTATGCTTCAGGCTGATCTTTTTTAAAAAATTATGCTTCAGGCTAGCGATTTTTAAAAAATTATGCTTCAGGCTGATCTTTTTTAAAAAATTATGCTTCAGGCTGATCTTTTTTAAAAAATTATGCTTCAGGCTGATCTTTTTTAAAAAATTATGCTTCAGGCTGATCTTTTTTAAAAAATTATGCTTCAGGCTACTCCTTTTTAAAAAATTATGCTTCAGGCTACTCCTTTTTAAAAAATTATGCTTCAGGCTACGTATTTTTAAAAAATTATGCTTCAGGCTACGTATTTTTAAAAAATTATGCTTCAGGCTACGTATTTTTAAAAAATTATGCTTCAGGCTACTCCTTTTTAAAAAATTATGCTTCAGGCTGATCTTTTTTAAAAAATTATGCTTCAGGCTGATCTTTTTTAAAAAATTATGCTTCAGGCTAGCGATTTTTAAAAAATTATGCTTCAGGCTAGCGATTTTTAAAAAATTATGCTTCAGGCTGATCTTTTTTAAAAAATTATGCTTCAGGCTGATCTTTTTTAAAAAGGCATGCTTCAGGCTACTCCTTTTTAAAAAATTATGCTTCAGGCTACGTATTTTTAAAAAATTATGCTTCAGGCTACTCCTTTTTAAAAAATTATGCTTCAGGCTACTCCTTTTTAAAAAATTATGCTTCAGGCTGATCTTTTTTAAAAAATTATGCTTCAGGCTGATCTTTTTTAAAAAATTATGCTTCAGGCTGATCTTTTTTAAAAAATTATGCTTCAGGCTGATCTTTTTTAAAAAATTATGCTTCAGGCTAGCGATTTTTAAAAAATTATGCTTCAGGCTAGCGATTTTTAAAAAATTATGCTTCAGGCTGATCTTTTTTAAAAAATTATGCTTCAGGCTGATCTTTTTTAAAAAATTATGCTTCAGGCTACGTATTTTTAAAAAATTATGCTTCAGGCTACTCCTTTTTAAAAAATTATGCTTCAGGCTACGTATTTTTAAAAAATTATGCTTCAGGCTACGTATTTTTAAAAAATTATGCTTCAGGCTACTCCTTTTTAAAAAATTATGCTTCAGGCTACTCCTTTTTAAAAAATTATGCTTCAGGCTGATCTTTTTTAAAAAATTATGCTTCAGGCTGATCTTTTTTAAAAAATTATGCTTCAGGCTACTCCTTTTTAAAAAATTATGCTTCAGGCTGATCTTTTTTAAAAAATTATGCTTCAGGCTGATCTTTTTTAAAAAATTATGCTTCAGGCTACTCCTTTTTAAAAAATTATGCTTCAGGCTAGCGATTTTTAAAAAATTATGCTTCAGGCTACGTATTTTTAAAAAATTATGCTTCGCTGGACTCCTTTTTAAAAAATTATGCTTCAGGCTAGCGATTTTTAAAAAATTATGCTTCAGGCTGATCTTTTTTAAAAAATTATGCTTCAGGCTACTCCTTTTTAAAAAATTATGCTTCAGGCTACTCCTTTTTAAAAAGGCATGCTTCAGGCTACGTATTTTTAAAAAATTATGCTTCAGGCTACGTATTTTTAAAAAATTATGCTTCAGGCTACGTATTTTTAAAAAGGCATGCTTCAGGCTACGTATTTTTAAAAAATTATGCTTCAGGCTGATCTTTTTTAAAAAATTATGCTTCAGGCTACTCCTTTTTAAAAAATTATGCTTCAGGCTACTCCTTTTTAAAAAATTATGCTTCAGGCTACTCCTTTTTAAAAAATTATGCTTCAGGCTGATCTTTTTTAAAAAATTATGCTTCAGGCTAGCGATTTTTAAAAAATTATGCTTCAGGCTGATCTTTTTTAAAAAATTATGCTTCAGGCTAGCGATTTTTAAAAAATTATGCTTCAGGCTAGCGATTTTTAAAAAATTATGCTTCAGGCTACTCCTTTTTAAAAAATTATGCTTCAGGCTAGCGATTTTTAAAAAATTATGCTTCAGGCTACTCCTTTTTAAAAAATTATGCTTCAGGCTGATCTTTTTTAAAAAATTATGCTTCAGGCTAGCGATTTTTAAAAAATTATGCTTCAGGCTAGCGATTTTTAAAAAATTATGGCGGAGGCTAGCGATTTTTAAAAAGGCATGGCGGAGGCTGATCTTTTTTAAAAAGGCATGCTTCAGGCTGATCTTTTTTAAAAAGGCATACCTAAGGCTGATCTTTTTT
74,75_3_321_264_nan_b,AAAAAGGCATGGCGGAGGCTAGCGATTTTTAAAAAAGTGTGCTTCAGGCTGATCTTTTTTAAAAAAGTGTGGCGGAGGCTGATCTTTTTTAAAAAATTATGCTTCAGGCTACTCCTTTTTAAAAAATTATGCTTCAGGCTGATCTTTTTTAAAAAATTATGCTTCAGGCTACTCCTTTTTAAAAAATTATGCTTCAGGCTACTCCTTTTTAAAAAGGCATGCTTCAGGCTAGCGATTTTTAAAAAGGCATGCTTCAGGCTAGCGATTTTTAAAAAGGCATGCTTCAGGCTAGCGATTTTTAAAAAGGCATGCTTCAGGCTGATCTTTTTTAAAAAGGCATGCTTCAGGCTAGCGATTTTTAAAAAGGCATGCTTCAGGCTAGCGATTTTTAAAAAGGCATGGCGGAGGCTAGCGATTTTTAAAAAATTATGCTTCAGGCTGATCTTTTTTAAAAAGGCATGCTTCAGGCTGATCTTTTTTAAAAAATTATGCTTCAGGCTACTCCTTTTTAAAAAATTATGCTTCAGGCTACTCCTTTTTAAAAAGGCATGCTTCAGGCTACGTATTTTTAAAAAGGCATGCTTCAGGCTACGTATTTTTAAAAAGGCATGCTTCAGGCTACTCCTTTTTAAAAAGGCATGCTTCAGGCTAGCGATTTTTAAAAAATTATGCTTCAGGCTAGCGATTTTTAAAAAATTATGCTTCAGGCTACTCCTTTTTAAAAAATTATGCTTCAGGCTGATCTTTTTTAAAAAGGCATGCTTCAGGCTGATCTTTTTTAAAAAGGCATGCTTCAGGCTACTCCTTTTTAAAAAGGCATGCTTCAGGCTACTCCTTTTTAAAAAGGCATGCTTCAGGCTACTCCTTTTTAAAAAGGCATGCTTCAGGCTACGTATTTTTAAAAAGGCATGCTTCAGGCTACGTATTTTTAAAAAATTATGCTTCAGGCTGATCTTTTTTAAAAAATTATGCTTCAGGCTGATCTTTTTTAAAAAATTATGCTTCAGGCTAGCGATTTTTAAAAAATTATGCTTCAGGCTGATCTTTTTTAAAAAATTATGCTTCAGGCTACGTATTTTTAAAAAATTATGCTTCAGGCTACTCCTTTTTAAAAAATTATGCTTCAGGCTAGCGATTTTTAAAAAATTATGCTTCAGGCTGATCTTTTTTAAAAAATTATGCTTCAGGCTACTCCTTTTTAAAAAATTATGCTTCAGGCTAGCGATTTTTAAAAAATTATGCTTCAGGCTACTCCTTTTTAAAAAATTATGCTTCAGGCTACTCCTTTTTAAAAAATTATGCTTCAGGCTGATCTTTTTTAAAAAGGCATGCTTCAGGCTGATCTTTTTTAAAAAGGCATGCTTCAGGCTAGCGATTTTTAAAAAATTATGCTTCAGGCTGATCTTTTTTAAAAAATTATGCTTCAGGCTACTCCTTTTTAAAAAATTATGCTTCAGGCTACTCCTTTTTAAAAAATTATGCTTCAGGCTACGTATTTTTAAAAAATTATGCTTCAGGCTACTCCTTTTTAAAAAATTATGCTTCAGGCTACTCCTTTTTAAAAAATTATGCTTCAGGCTACGTATTTTTAAAAAATTATGCTTCAGGCTACTCCTTTTTAAAAAATTATGCTTCAGGCTACTCCTTTTTAAAAAATTATGCTTCAGGCTGATCTTTTTTAAAAAGGCATGCTTCAGGCTACTCCTTTTTAAAAAGGCATACCTAAGGCTACGTATTTTTAAAAAGGCATACAATAGGCTACTCCTTTTTAAAAAGGCATGCTTCAGGCTACTCCTTTTTAAAAAGGCATGCTTCAGGCTACTCCTTTTTAAAAAGGCATGCTTCAGGCTACTCCTTTTTAAAAAGGCATGCTTCAGGCTACTCCTTTTTAAAAAGGCATGCTTCAGGCTACTCCTTTTTAAAAAATTATGGCGGAGGCTGATCTTTTTTAAAAAGGCATGCTTCAGGCTACTCCTTTTTAAAAAGGCATGCTTCAGGCTGATCTTTTTTAAAAAGGCATGCTTCAGGCTAGCGATTTTTAAAAAGGCATGCTTCAGGCTAGCGATTTTTAAAAAGGCATGCTTCAGGCTAGCGATTTTTAAAAAGGCATGCTTCAGGCTAGCGATTTTTAAAAAATTATGCTTCAGGCTAGCGATTTTTAAAAAATTATGCTTCAGGCTACTCCTTTTTAAAAAATTATGCTTCAGGCTGATCTTTTTTAAAAAATTATGCTTCAGGCTGATCTTTTTTAAAAAATTATGCTTCAGGCTACTCCTTTTTAAAAAATTATGCTTCAGGCTGATCTTTTTTAAAAAATTATGCTTCAGGCTGATCTTTTTTAAAAAATTATGCTTCAGGCTGATCTTTTTTAAAAAATTATGCTTCAGGCTGATCTTTTTTAAAAAATTATGCTTCAGGCTAGCGATTTTTAAAAAATTATGCTTCAGGCTGATCTTTTTTAAAAAATTATGCTTCAGGCTACGTATTTTT
75,76_0_321_264_nan_r,AAAAAAGTGTGGCGGAGGCTGATCTTTTTTAAAAAGGCATGGCGGAGGCTGATCTTTTTTAAAAAAGTGTGCTTCAGGCTAGCGATTTTTAAAAAGGCATGCTTCAGGCTGATCTTTTTTAAAAAATTATGCTTCAGGCTACTCCTTTTTAAAAAGGCATGCTTCAGGCTACTCCTTTTTAAAAAATTATGCTTCAGGCTACTCCTTTTTAAAAAATTATGCTTCAGGCTGATCTTTTTTAAAAAATTATGCTTCAGGCTAGCGATTTTTAAAAAATTATGCTTCAGGCTGATCTTTTTTAAAAAATTATGCTTCAGGCTACGTATTTTTAAAAAATTATGCTTCAGGCTACGTATTTTTAAAAAATTATGCTTCAGGCTACGTATTTTTAAAAAATTATGCTTCAGGCTAGCGATTTTTAAAAAATTATGCTTCAGGCTAGCGATTTTTAAAAAATTATGCTTCAGGCTGATCTTTTTTAAAAAATTATGCTTCAGGCTGATCTTTTTTAAAAAATTATGCTTCAGGCTGATCTTTTTTAAAAAGGCATGCTTCAGGCTACTCCTTTTTAAAAAATTATGCTTCAGGCTACTCCTTTTTAAAAAATTATGCTTCAGGCTGATCTTTTTTAAAAAATTATGCTTCAGGCTAGCGATTTTTAAAAAATTATGCTTCAGGCTACTCCTTTTTAAAAAATTATGCTTCAGGCTACGTATTTTTAAAAAGGCATGCTTCAGGCTACTCCTTTTTAAAAAGGCATGCTTCAGGCTACGTATTTTTAAAAAAGTGTGCTTCAGGCTACGTATTTTTAAAAAGGCATGCTTCAGGCTACGTATTTTTAAAAAGGCATGCTTCAGGCTACGTATTTTTAAAAAGGCATGCTTCAGGCTACGTATTTTTAAAAAGGCATGCTTCAGGCTACGTATTTTTAAAAAGGCATGCTTCAGGCTACGTATTTTTAAAAAAGTGTGCTTCAGGCTACTCCTTTTTAAAAAGGCATGCTTCAGGCTGATCTTTTTTAAAAAAGTGTGGCGGAGGCTAGCGATTTTTAAAAAAATAGGCTTCAGGCTAGCGATTTTTAAAAAAATAGGCTTCAGGCTAGCGATTTTTAAAAAAGTGTGCTTCAGGCTAGCGATTTTTAAAAAGGCATGCTTCAGGCTAGCGATTTTTAAAAAGGCATGCTTCAGGCTAGCGATTTTTAAAAAGGCATAAAAAAGGCTGATCTTTTTTAAAAAATTATGGCGGAGGCTACGTATTTTTAAAAAATTATGCTTCAGGCTACGTATTTTTAAAAAATTATGCTTCAGGCTACTCCTTTTTAAAAAATTATGCTTCAGGCTACTCCTTTTTAAAAAATTATGCTTCAGGCTACTCCTTTTTAAAAAATTATGCTTCAGGCTGATCTTTTTTAAAAAATTATGCTTCAGGCTACTCCTTTTTAAAAAATTATGCTTCGCTGGACTCCTTTTTAAAAAATTATGCTTCGCTGGACTCCTTTTTAAAAAATTATGCTTCGCTGGACTCCTTTTTAAAAAATTATGCTTCGCTGGGATCTTTTTTAAAAAATTATGCTTCAGGCTGATCTTTTTTAAAAAATTATGCTTCAGGCTGATCTTTTTTAAAAAATTATGCTTCAGGCTGATCTTTTTTAAAAAATTATGCTTCAGGCTGATCTTTTTTAAAAAATTATGCTTCAGGCTACTCCTTTTTAAAAAATTATGCTTCAGGCTACGTATTTTTAAAAAATTATGCTTCAGGCTACTCCTTTTTAAAAAATTATGCTTCAGGCTGATCTTTTTTAAAAAATTATGCTTCAGGCTACGTATTTTTAAAAAATTATGCTTCAGGCTGATCTTTTTTAAAAAGGCATGGCGGAGGCTGATCTTTTTTAAAAAGGCATGGCGGAGGCTACTCCTTTTTAAAAAGGCATGCTTCAGGCTGATCTTTTTTAAAAAGGCATGCTTCAGGCTGATCTTTTTTAAAAAATTATGCTTCAGGCTAGCGATTTTTAAAAAATTATGCTTCAGGCTGATCTTTTTTAAAAAATTATGCTTCAGGCTACGTATTTTTAAAAAATTATGCTTCAGGCTACGTATTTTTAAAAAATTATGCTTCAGGCTACGTATTTTTAAAAAATTATGCTTCAGGCTGATCTTTTTTAAAAAATTATGCTTCAGGCTAGCGATTTTTAAAAAATTATGCTTCAGGCTGATCTTTTTTAAAAAATTATGCTTCAGGCTAGCGATTTTTAAAAAATTATGCTTCAGGCTAGCGATTTTTAAAAAATTATGCTTCAGGCTAGCGATTTTTAAAAAATTATGCTTCAGGCTAGCGATTTTTAAAAAATTATGCTTCAGGCTGATCTTTTTTAAAAAATTATGCTTCAGGCTACTCCTTTTTAAAAAATTATGCTTCAGGCTACTCCTTTTTAAAAAATTATGCTTCAGGCTGATCTTTTTTAAAAAATTATGCTTCAGGCTGATCTTTTTTAAAAAATTATGCTTCAGGCTGATCTTTTTTAAAAAATTATGCTTCAGGCTGATCTTTTTTAAAAAATTATGCTTCAGGCTGATCTTTTTTAAAAAATTATGCTTCAGGCTAGCGATTTTTAAAAAATTATGCTTCAGGCTACTCCTTTTTAAAAAATTATGCTTCAGGCTACGTATTTTTAAAAAATTATGCTTCAGGCTACGTATTTTTAAAAAATTATGCTTCAGGCTGATCTTTTTTAAAAAATTATGCTTCAGGCTGATCTTTTTTAAAAAGGCATGCTTCAGGCTGATCTTTTTTAAAAAGGCATACCTAAGGCTAGCGATTTTTAAAAAGGCATGGCGGAGGCTGATCTTTTTTAAAAAAGTGTAAAAAAGGCTGATCTTTTTT
76,77_5_321_264_nan_g,AAAAAAATAGGGCGGAGGCTGATCTTTTTTAAAAAAGTGTGCTTCAGGCTGATCTTTTTTAAAAAGGCATGGCGGAGGCTAGCGATTTTTAAAAAGGCATGCTTCAGGCTAGCGATTTTTAAAAAATTATGCTTCAGGCTGATCTTTTTTAAAAAATTATGCTTCAGGCTACGTATTTTTAAAAAATTATGCTTCAGGCTACGTATTTTTAAAAAATTATGCTTCAGGCTACGTATTTTTAAAAAATTATGCTTCAGGCTGATCTTTTTTAAAAAATTATGCTTCAGGCTGATCTTTTTTAAAAAATTATGCTTCAGGCTAGCGATTTTTAAAAAATTATGCTTCAGGCTGATCTTTTTTAAAAAATTATGCTTCAGGCTACTCCTTTTTAAAAAGGCATGCTTCAGGCTACTCCTTTTTAAAAAGGCATGGCGGAGGCTACTCCTTTTTAAAAAAGTGTACAATAGGCTGATCTTTTTTAAAAAGGCATAAAAAAGGCTGATCTTTTTTAAAAAATTATGGCGGAGGCTACTCCTTTTTAAAAAGGCATACAATAGGCTACGTATTTTTAAAAAGGCATAAAAAAGGCTACGTATTTTTAAAAAGGCATGGCGGAGGCTACTCCTTTTTAAAAAAGTGTGCTTCAGGCTACTCCTTTTTAAAAAAGTGTGCTTCAGGCTACTCCTTTTTAAAAAAGTGTGCTTCAGGCTACTCCTTTTTAAAAAAGTGTGCTTCAGGCTACTCCTTTTTAAAAAGGCATGCTTCAGGCTACTCCTTTTTAAAAAAGTGTGCTTCAGGCTACTCCTTTTTAAAAAGGCATGGCGGAGGCTACTCCTTTTTAAAAAGGCATAAAAAAGGCTAGCGATTTTTAAAAAAGTGTACCTAAGGCTAGCGATTTTTAAAAAAATAGGCTTCAGGCTAGCGATTTTTAAAAAAGTGTGCTTCAGGCTAGCGATTTTTAAAAAAGTGTGCTTCAGGCTAGCGATTTTTAAAAAAGTGTGCTTCAGGCTAGCGATTTTTAAAAAAGTGTGCTTCAGGCTGATCTTTTTTAAAAAAGTGTGCTTCAGGCTGATCTTTTTTAAAAAGGCATACAATAGGCTGATCTTTTTTAAAAAATTATGGCGGAGGCTACGTATTTTTAAAAAATTATGGCGGAGGCTACGTATTTTTAAAAAATTATGGCGGAGGCTGATCTTTTTTAAAAAATTATGGCGGAGGCTACTCCTTTTTAAAAAGGCATGCTTCAGGCTGATCTTTTTTAAAAAGGCATGCTTCAGGCTGATCTTTTTTAAAAAGGCATGCTTCAGGCTGATCTTTTTTAAAAAGGCATGCTTCAGGCTACTCCTTTTTAAAAAATTATGCTTCAGGCTACTCCTTTTTAAAAAATTATGCTTCAGGCTACTCCTTTTTAAAAAATTATGCTTCAGGCTGATCTTTTTTAAAAAATTATGCTTCAGGCTGATCTTTTTTAAAAAATTATGCTTCAGGCTACTCCTTTTTAAAAAATTATGCTTCAGGCTACTCCTTTTTAAAAAATTATGCTTCAGGCTGATCTTTTTTAAAAAGGCATGCTTCAGGCTGATCTTTTTTAAAAAGGCATGCTTCAGGCTGATCTTTTTTAAAAAGGCATGGCGGAGGCTACTCCTTTTTAAAAAGGCATAAAAAAGGCTACGTATTTTTAAAAAGGCATAAAAAAGGCTACGTATTTTTAAAAAGGCATGGCGGAGGCTACGTATTTTTAAAAAGGCATGCTTCAGGCTACGTATTTTTAAAAAGGCATGCTTCAGGCTACGTATTTTTAAAAAAGTGTGCTTCAGGCTACGTATTTTTAAAAAGGCATGCTTCAGGCTACGTATTTTTAAAAAGGCATGCTTCAGGCTACGTATTTTTAAAAAGGCATGGCGGAGGCTACGTATTTTT
77,78_6_321_264_nan_b,AAAAAAGTGTGGCGGAGGCTGATCTTTTTTAAAAAAGTGTGCTTCAGGCTACTCCTTTTTAAAAAGGCATGCTTCAGGCTACTCCTTTTTAAAAAGGCATGGCGGAGGCTACGTATTTTTAAAAAGGCATGCTTCAGGCTACTCCTTTTTAAAAAAGTGTGCTTCAGGCTACTCCTTTTTAAAAAAGTGTGCTTCAGGCTACTCCTTTTTAAAAAAGTGTGCTTCAGGCTACTCCTTTTTAAAAAAGTGTGCTTCAGGCTACTCCTTTTTAAAAAAATAGGCTTCAGGCTACTCCTTTTTAAAAAAGTGTACAATAGGCTGATCTTTTTT
78,79_4_321_264_nan_c,AAAAAATTATGCTTCAGGCTACTCCTTTTTAAAAAATTATGCTTCAGGCTACTCCTTTTTAAAAAGGCATGCTTCAGGCTACGTATTTTTAAAAAATTATGCTTCAGGCTACGTATTTTTAAAAAGGCATGCTTCAGGCTACTCCTTTTTAAAAAAGTGTGCTTCAGGCTACTCCTTTTTAAAAAAGTGTGGCGGAGGCTAGCGATTTTTAAAAAAGTGTGCTTCAGGCTAGCGATTTTTAAAAAGGCATACAATAGGCTAGCGATTTTTAAAAAATTATGGCGGAGGCTACGTATTTTTAAAAAATTATGCTTCAGGCTACTCCTTTTTAAAAAATTATGCTTCAGGCTGATCTTTTTTAAAAAATTATGCTTCAGGCTGATCTTTTTTAAAAAATTATGCTTCAGGCTACTCCTTTTTAAAAAATTATGCTTCAGGCTACTCCTTTTTAAAAAATTATGCTTCAGGCTACGTATTTTTAAAAAATTATGCTTCAGGCTACTCCTTTTTAAAAAGGCATGCTTCAGGCTGATCTTTTTTAAAAAAGTGTGCTTCAGGCTGATCTTTTTTAAAAAAGTGTAAAAAAGGCTGATCTTTTTT
